,Freq. of Parent (%),Leukocytes | Freq. of Parent (%),Leukocytes/Single Cells | Freq. of Parent (%),Leukocytes/Single Cells/LIVE | Freq. of Parent (%),Leukocytes/Single Cells/LIVE | Count,Leukocytes/Single Cells/LIVE/CD3+ | Freq. of Parent (%),Leukocytes/Single Cells/LIVE/CD3+ | Count,Leukocytes/Single Cells/LIVE/CD3+/CD4+ | Freq. of Parent (%),Leukocytes/Single Cells/LIVE/CD3+/CD4+ | Count,Leukocytes/Single Cells/LIVE/CD3+/CD4+ | Freq. of live (%),"Leukocytes/Single Cells/LIVE/CD3+/CD4+/Q1: CD44- , CD62L+ | Freq. of Parent (%)","Leukocytes/Single Cells/LIVE/CD3+/CD4+/Q1: CD44- , CD62L+ | Count","Leukocytes/Single Cells/LIVE/CD3+/CD4+/Q1: CD44- , CD62L+ | Freq. of live (%)","Leukocytes/Single Cells/LIVE/CD3+/CD4+/Q1: CD44- , CD62L+/Q1: KLRG1- , PD1+ | Freq. of Parent (%)","Leukocytes/Single Cells/LIVE/CD3+/CD4+/Q1: CD44- , CD62L+/Q1: KLRG1- , PD1+ | Count","Leukocytes/Single Cells/LIVE/CD3+/CD4+/Q1: CD44- , CD62L+/Q1: KLRG1- , PD1+ | Freq. of live (%)","Leukocytes/Single Cells/LIVE/CD3+/CD4+/Q1: CD44- , CD62L+/Q2: KLRG1+ , PD1+ | Freq. of Parent (%)","Leukocytes/Single Cells/LIVE/CD3+/CD4+/Q1: CD44- , CD62L+/Q2: KLRG1+ , PD1+ | Count","Leukocytes/Single Cells/LIVE/CD3+/CD4+/Q1: CD44- , CD62L+/Q2: KLRG1+ , PD1+ | Freq. of live (%)","Leukocytes/Single Cells/LIVE/CD3+/CD4+/Q1: CD44- , CD62L+/Q3: KLRG1+ , PD1- | Freq. of Parent (%)","Leukocytes/Single Cells/LIVE/CD3+/CD4+/Q1: CD44- , CD62L+/Q3: KLRG1+ , PD1- | Count","Leukocytes/Single Cells/LIVE/CD3+/CD4+/Q1: CD44- , CD62L+/Q3: KLRG1+ , PD1- | Freq. of live (%)","Leukocytes/Single Cells/LIVE/CD3+/CD4+/Q1: CD44- , CD62L+/Q4: KLRG1- , PD1- | Freq. of Parent (%)","Leukocytes/Single Cells/LIVE/CD3+/CD4+/Q1: CD44- , CD62L+/Q4: KLRG1- , PD1- | Count","Leukocytes/Single Cells/LIVE/CD3+/CD4+/Q1: CD44- , CD62L+/Q4: KLRG1- , PD1- | Freq. of live (%)","Leukocytes/Single Cells/LIVE/CD3+/CD4+/Q2: CD44+ , CD62L+ | Freq. of Parent (%)","Leukocytes/Single Cells/LIVE/CD3+/CD4+/Q2: CD44+ , CD62L+ | Count","Leukocytes/Single Cells/LIVE/CD3+/CD4+/Q2: CD44+ , CD62L+ | Freq. of live (%)","Leukocytes/Single Cells/LIVE/CD3+/CD4+/Q2: CD44+ , CD62L+/Q1: KLRG1- , PD1+ | Freq. of Parent (%)","Leukocytes/Single Cells/LIVE/CD3+/CD4+/Q2: CD44+ , CD62L+/Q1: KLRG1- , PD1+ | Count","Leukocytes/Single Cells/LIVE/CD3+/CD4+/Q2: CD44+ , CD62L+/Q1: KLRG1- , PD1+ | Freq. of live (%)","Leukocytes/Single Cells/LIVE/CD3+/CD4+/Q2: CD44+ , CD62L+/Q2: KLRG1+ , PD1+ | Freq. of Parent (%)","Leukocytes/Single Cells/LIVE/CD3+/CD4+/Q2: CD44+ , CD62L+/Q2: KLRG1+ , PD1+ | Count","Leukocytes/Single Cells/LIVE/CD3+/CD4+/Q2: CD44+ , CD62L+/Q2: KLRG1+ , PD1+ | Freq. of live (%)","Leukocytes/Single Cells/LIVE/CD3+/CD4+/Q2: CD44+ , CD62L+/Q3: KLRG1+ , PD1- | Freq. of Parent (%)","Leukocytes/Single Cells/LIVE/CD3+/CD4+/Q2: CD44+ , CD62L+/Q3: KLRG1+ , PD1- | Count","Leukocytes/Single Cells/LIVE/CD3+/CD4+/Q2: CD44+ , CD62L+/Q3: KLRG1+ , PD1- | Freq. of live (%)","Leukocytes/Single Cells/LIVE/CD3+/CD4+/Q2: CD44+ , CD62L+/Q4: KLRG1- , PD1- | Freq. of Parent (%)","Leukocytes/Single Cells/LIVE/CD3+/CD4+/Q2: CD44+ , CD62L+/Q4: KLRG1- , PD1- | Count","Leukocytes/Single Cells/LIVE/CD3+/CD4+/Q2: CD44+ , CD62L+/Q4: KLRG1- , PD1- | Freq. of live (%)","Leukocytes/Single Cells/LIVE/CD3+/CD4+/Q3: CD44+ , CD62L- | Freq. of Parent (%)","Leukocytes/Single Cells/LIVE/CD3+/CD4+/Q3: CD44+ , CD62L- | Count","Leukocytes/Single Cells/LIVE/CD3+/CD4+/Q3: CD44+ , CD62L- | Freq. of live (%)","Leukocytes/Single Cells/LIVE/CD3+/CD4+/Q3: CD44+ , CD62L-/Q1: KLRG1- , PD1+ | Freq. of Parent (%)","Leukocytes/Single Cells/LIVE/CD3+/CD4+/Q3: CD44+ , CD62L-/Q1: KLRG1- , PD1+ | Count","Leukocytes/Single Cells/LIVE/CD3+/CD4+/Q3: CD44+ , CD62L-/Q1: KLRG1- , PD1+ | Freq. of live (%)","Leukocytes/Single Cells/LIVE/CD3+/CD4+/Q3: CD44+ , CD62L-/Q2: KLRG1+ , PD1+ | Freq. of Parent (%)","Leukocytes/Single Cells/LIVE/CD3+/CD4+/Q3: CD44+ , CD62L-/Q2: KLRG1+ , PD1+ | Count","Leukocytes/Single Cells/LIVE/CD3+/CD4+/Q3: CD44+ , CD62L-/Q2: KLRG1+ , PD1+ | Freq. of live (%)","Leukocytes/Single Cells/LIVE/CD3+/CD4+/Q3: CD44+ , CD62L-/Q3: KLRG1+ , PD1- | Freq. of Parent (%)","Leukocytes/Single Cells/LIVE/CD3+/CD4+/Q3: CD44+ , CD62L-/Q3: KLRG1+ , PD1- | Count","Leukocytes/Single Cells/LIVE/CD3+/CD4+/Q3: CD44+ , CD62L-/Q3: KLRG1+ , PD1- | Freq. of live (%)","Leukocytes/Single Cells/LIVE/CD3+/CD4+/Q3: CD44+ , CD62L-/Q4: KLRG1- , PD1- | Freq. of Parent (%)","Leukocytes/Single Cells/LIVE/CD3+/CD4+/Q3: CD44+ , CD62L-/Q4: KLRG1- , PD1- | Count","Leukocytes/Single Cells/LIVE/CD3+/CD4+/Q3: CD44+ , CD62L-/Q4: KLRG1- , PD1- | Freq. of live (%)","Leukocytes/Single Cells/LIVE/CD3+/CD4+/Q4: CD44- , CD62L- | Freq. of Parent (%)","Leukocytes/Single Cells/LIVE/CD3+/CD4+/Q4: CD44- , CD62L- | Count","Leukocytes/Single Cells/LIVE/CD3+/CD4+/Q4: CD44- , CD62L- | Freq. of live (%)",Leukocytes/Single Cells/LIVE/CD3+/CD4-CD8- | Freq. of Parent (%),Leukocytes/Single Cells/LIVE/CD3+/CD4-CD8- | Count,Leukocytes/Single Cells/LIVE/CD3+/CD4-CD8- | Freq. of live (%),Leukocytes/Single Cells/LIVE/CD3+/CD4-CD8-/NK1.1+ | Freq. of Parent (%),Leukocytes/Single Cells/LIVE/CD3+/CD4-CD8-/NK1.1+ | Count,Leukocytes/Single Cells/LIVE/CD3+/CD4-CD8-/NK1.1+ | Freq. of live (%),Leukocytes/Single Cells/LIVE/CD3+/CD8+ | Freq. of Parent (%),Leukocytes/Single Cells/LIVE/CD3+/CD8+ | Count,Leukocytes/Single Cells/LIVE/CD3+/CD8+ | Freq. of live (%),"Leukocytes/Single Cells/LIVE/CD3+/CD8+/Q1: CD44- , CD62L+ | Freq. of Parent (%)","Leukocytes/Single Cells/LIVE/CD3+/CD8+/Q1: CD44- , CD62L+ | Count","Leukocytes/Single Cells/LIVE/CD3+/CD8+/Q1: CD44- , CD62L+ | Freq. of live (%)","Leukocytes/Single Cells/LIVE/CD3+/CD8+/Q1: CD44- , CD62L+/Q1: KLRG1- , PD1+ | Freq. of Parent (%)","Leukocytes/Single Cells/LIVE/CD3+/CD8+/Q1: CD44- , CD62L+/Q1: KLRG1- , PD1+ | Count","Leukocytes/Single Cells/LIVE/CD3+/CD8+/Q1: CD44- , CD62L+/Q1: KLRG1- , PD1+ | Freq. of live (%)","Leukocytes/Single Cells/LIVE/CD3+/CD8+/Q1: CD44- , CD62L+/Q2: KLRG1+ , PD1+ | Freq. of Parent (%)","Leukocytes/Single Cells/LIVE/CD3+/CD8+/Q1: CD44- , CD62L+/Q2: KLRG1+ , PD1+ | Count","Leukocytes/Single Cells/LIVE/CD3+/CD8+/Q1: CD44- , CD62L+/Q2: KLRG1+ , PD1+ | Freq. of live (%)","Leukocytes/Single Cells/LIVE/CD3+/CD8+/Q1: CD44- , CD62L+/Q3: KLRG1+ , PD1- | Freq. of Parent (%)","Leukocytes/Single Cells/LIVE/CD3+/CD8+/Q1: CD44- , CD62L+/Q3: KLRG1+ , PD1- | Count","Leukocytes/Single Cells/LIVE/CD3+/CD8+/Q1: CD44- , CD62L+/Q3: KLRG1+ , PD1- | Freq. of live (%)","Leukocytes/Single Cells/LIVE/CD3+/CD8+/Q1: CD44- , CD62L+/Q4: KLRG1- , PD1- | Freq. of Parent (%)","Leukocytes/Single Cells/LIVE/CD3+/CD8+/Q1: CD44- , CD62L+/Q4: KLRG1- , PD1- | Count","Leukocytes/Single Cells/LIVE/CD3+/CD8+/Q1: CD44- , CD62L+/Q4: KLRG1- , PD1- | Freq. of live (%)","Leukocytes/Single Cells/LIVE/CD3+/CD8+/Q2: CD44+ , CD62L+ | Freq. of Parent (%)","Leukocytes/Single Cells/LIVE/CD3+/CD8+/Q2: CD44+ , CD62L+ | Count","Leukocytes/Single Cells/LIVE/CD3+/CD8+/Q2: CD44+ , CD62L+ | Freq. of live (%)","Leukocytes/Single Cells/LIVE/CD3+/CD8+/Q2: CD44+ , CD62L+/Q1: KLRG1- , PD1+ | Freq. of Parent (%)","Leukocytes/Single Cells/LIVE/CD3+/CD8+/Q2: CD44+ , CD62L+/Q1: KLRG1- , PD1+ | Count","Leukocytes/Single Cells/LIVE/CD3+/CD8+/Q2: CD44+ , CD62L+/Q1: KLRG1- , PD1+ | Freq. of live (%)","Leukocytes/Single Cells/LIVE/CD3+/CD8+/Q2: CD44+ , CD62L+/Q2: KLRG1+ , PD1+ | Freq. of Parent (%)","Leukocytes/Single Cells/LIVE/CD3+/CD8+/Q2: CD44+ , CD62L+/Q2: KLRG1+ , PD1+ | Count","Leukocytes/Single Cells/LIVE/CD3+/CD8+/Q2: CD44+ , CD62L+/Q2: KLRG1+ , PD1+ | Freq. of live (%)","Leukocytes/Single Cells/LIVE/CD3+/CD8+/Q2: CD44+ , CD62L+/Q3: KLRG1+ , PD1- | Freq. of Parent (%)","Leukocytes/Single Cells/LIVE/CD3+/CD8+/Q2: CD44+ , CD62L+/Q3: KLRG1+ , PD1- | Count","Leukocytes/Single Cells/LIVE/CD3+/CD8+/Q2: CD44+ , CD62L+/Q3: KLRG1+ , PD1- | Freq. of live (%)","Leukocytes/Single Cells/LIVE/CD3+/CD8+/Q2: CD44+ , CD62L+/Q4: KLRG1- , PD1- | Freq. of Parent (%)","Leukocytes/Single Cells/LIVE/CD3+/CD8+/Q2: CD44+ , CD62L+/Q4: KLRG1- , PD1- | Count","Leukocytes/Single Cells/LIVE/CD3+/CD8+/Q2: CD44+ , CD62L+/Q4: KLRG1- , PD1- | Freq. of live (%)","Leukocytes/Single Cells/LIVE/CD3+/CD8+/Q3: CD44+ , CD62L- | Freq. of Parent (%)","Leukocytes/Single Cells/LIVE/CD3+/CD8+/Q3: CD44+ , CD62L- | Count","Leukocytes/Single Cells/LIVE/CD3+/CD8+/Q3: CD44+ , CD62L- | Freq. of live (%)","Leukocytes/Single Cells/LIVE/CD3+/CD8+/Q3: CD44+ , CD62L-/Q1: KLRG1- , PD1+ | Freq. of Parent (%)","Leukocytes/Single Cells/LIVE/CD3+/CD8+/Q3: CD44+ , CD62L-/Q1: KLRG1- , PD1+ | Count","Leukocytes/Single Cells/LIVE/CD3+/CD8+/Q3: CD44+ , CD62L-/Q1: KLRG1- , PD1+ | Freq. of live (%)","Leukocytes/Single Cells/LIVE/CD3+/CD8+/Q3: CD44+ , CD62L-/Q2: KLRG1+ , PD1+ | Freq. of Parent (%)","Leukocytes/Single Cells/LIVE/CD3+/CD8+/Q3: CD44+ , CD62L-/Q2: KLRG1+ , PD1+ | Count","Leukocytes/Single Cells/LIVE/CD3+/CD8+/Q3: CD44+ , CD62L-/Q2: KLRG1+ , PD1+ | Freq. of live (%)","Leukocytes/Single Cells/LIVE/CD3+/CD8+/Q3: CD44+ , CD62L-/Q3: KLRG1+ , PD1- | Freq. of Parent (%)","Leukocytes/Single Cells/LIVE/CD3+/CD8+/Q3: CD44+ , CD62L-/Q3: KLRG1+ , PD1- | Count","Leukocytes/Single Cells/LIVE/CD3+/CD8+/Q3: CD44+ , CD62L-/Q3: KLRG1+ , PD1- | Freq. of live (%)","Leukocytes/Single Cells/LIVE/CD3+/CD8+/Q3: CD44+ , CD62L-/Q4: KLRG1- , PD1- | Freq. of Parent (%)","Leukocytes/Single Cells/LIVE/CD3+/CD8+/Q3: CD44+ , CD62L-/Q4: KLRG1- , PD1- | Count","Leukocytes/Single Cells/LIVE/CD3+/CD8+/Q3: CD44+ , CD62L-/Q4: KLRG1- , PD1- | Freq. of live (%)","Leukocytes/Single Cells/LIVE/CD3+/CD8+/Q4: CD44- , CD62L- | Freq. of Parent (%)","Leukocytes/Single Cells/LIVE/CD3+/CD8+/Q4: CD44- , CD62L- | Count","Leukocytes/Single Cells/LIVE/CD3+/CD8+/Q4: CD44- , CD62L- | Freq. of live (%)",Leukocytes/Single Cells/LIVE/CD3- | Freq. of Parent (%),Leukocytes/Single Cells/LIVE/CD3- | Count,Leukocytes/Single Cells/LIVE/CD3- | Freq. of live (%),Leukocytes/Single Cells/LIVE/CD3-/NK1.1+ | Freq. of Parent (%),Leukocytes/Single Cells/LIVE/CD3-/NK1.1+ | Count,Leukocytes/Single Cells/LIVE/CD3-/NK1.1+ | Freq. of live (%),"Leukocytes/Single Cells/LIVE/CD3-/NK1.1+/Q1: CD44- , CD62L+ | Freq. of Parent (%)","Leukocytes/Single Cells/LIVE/CD3-/NK1.1+/Q1: CD44- , CD62L+ | Count","Leukocytes/Single Cells/LIVE/CD3-/NK1.1+/Q1: CD44- , CD62L+ | Freq. of live (%)","Leukocytes/Single Cells/LIVE/CD3-/NK1.1+/Q2: CD44+ , CD62L+ | Freq. of Parent (%)","Leukocytes/Single Cells/LIVE/CD3-/NK1.1+/Q2: CD44+ , CD62L+ | Count","Leukocytes/Single Cells/LIVE/CD3-/NK1.1+/Q2: CD44+ , CD62L+ | Freq. of live (%)","Leukocytes/Single Cells/LIVE/CD3-/NK1.1+/Q3: CD44+ , CD62L- | Freq. of Parent (%)","Leukocytes/Single Cells/LIVE/CD3-/NK1.1+/Q3: CD44+ , CD62L- | Count","Leukocytes/Single Cells/LIVE/CD3-/NK1.1+/Q3: CD44+ , CD62L- | Freq. of live (%)","Leukocytes/Single Cells/LIVE/CD3-/NK1.1+/Q4: CD44- , CD62L- | Freq. of Parent (%)","Leukocytes/Single Cells/LIVE/CD3-/NK1.1+/Q4: CD44- , CD62L- | Count","Leukocytes/Single Cells/LIVE/CD3-/NK1.1+/Q4: CD44- , CD62L- | Freq. of live (%)","Leukocytes/Single Cells/LIVE/CD3-/Q1: CD19- , B220+ | Freq. of Parent (%)","Leukocytes/Single Cells/LIVE/CD3-/Q1: CD19- , B220+ | Count","Leukocytes/Single Cells/LIVE/CD3-/Q1: CD19- , B220+ | Freq. of live (%)","Leukocytes/Single Cells/LIVE/CD3-/Q1: CD19- , B220+/Q1: MHCII- , CD62L+ | Freq. of Parent (%)","Leukocytes/Single Cells/LIVE/CD3-/Q1: CD19- , B220+/Q1: MHCII- , CD62L+ | Count","Leukocytes/Single Cells/LIVE/CD3-/Q1: CD19- , B220+/Q1: MHCII- , CD62L+ | Freq. of live (%)","Leukocytes/Single Cells/LIVE/CD3-/Q1: CD19- , B220+/Q1: MHCII- , CD62L+/Q1: CD73- , GL7+ | Freq. of Parent (%)","Leukocytes/Single Cells/LIVE/CD3-/Q1: CD19- , B220+/Q1: MHCII- , CD62L+/Q1: CD73- , GL7+ | Count","Leukocytes/Single Cells/LIVE/CD3-/Q1: CD19- , B220+/Q1: MHCII- , CD62L+/Q1: CD73- , GL7+ | Freq. of live (%)","Leukocytes/Single Cells/LIVE/CD3-/Q1: CD19- , B220+/Q1: MHCII- , CD62L+/Q2: CD73+ , GL7+ | Freq. of Parent (%)","Leukocytes/Single Cells/LIVE/CD3-/Q1: CD19- , B220+/Q1: MHCII- , CD62L+/Q2: CD73+ , GL7+ | Count","Leukocytes/Single Cells/LIVE/CD3-/Q1: CD19- , B220+/Q1: MHCII- , CD62L+/Q2: CD73+ , GL7+ | Freq. of live (%)","Leukocytes/Single Cells/LIVE/CD3-/Q1: CD19- , B220+/Q1: MHCII- , CD62L+/Q3: CD73+ , GL7- | Freq. of Parent (%)","Leukocytes/Single Cells/LIVE/CD3-/Q1: CD19- , B220+/Q1: MHCII- , CD62L+/Q3: CD73+ , GL7- | Count","Leukocytes/Single Cells/LIVE/CD3-/Q1: CD19- , B220+/Q1: MHCII- , CD62L+/Q3: CD73+ , GL7- | Freq. of live (%)","Leukocytes/Single Cells/LIVE/CD3-/Q1: CD19- , B220+/Q1: MHCII- , CD62L+/Q4: CD73- , GL7- | Freq. of Parent (%)","Leukocytes/Single Cells/LIVE/CD3-/Q1: CD19- , B220+/Q1: MHCII- , CD62L+/Q4: CD73- , GL7- | Count","Leukocytes/Single Cells/LIVE/CD3-/Q1: CD19- , B220+/Q1: MHCII- , CD62L+/Q4: CD73- , GL7- | Freq. of live (%)","Leukocytes/Single Cells/LIVE/CD3-/Q1: CD19- , B220+/Q2: MHCII+ , CD62L+ | Freq. of Parent (%)","Leukocytes/Single Cells/LIVE/CD3-/Q1: CD19- , B220+/Q2: MHCII+ , CD62L+ | Count","Leukocytes/Single Cells/LIVE/CD3-/Q1: CD19- , B220+/Q2: MHCII+ , CD62L+ | Freq. of live (%)","Leukocytes/Single Cells/LIVE/CD3-/Q1: CD19- , B220+/Q3: MHCII+ , CD62L- | Freq. of Parent (%)","Leukocytes/Single Cells/LIVE/CD3-/Q1: CD19- , B220+/Q3: MHCII+ , CD62L- | Count","Leukocytes/Single Cells/LIVE/CD3-/Q1: CD19- , B220+/Q3: MHCII+ , CD62L- | Freq. of live (%)","Leukocytes/Single Cells/LIVE/CD3-/Q1: CD19- , B220+/Q4: MHCII- , CD62L- | Freq. of Parent (%)","Leukocytes/Single Cells/LIVE/CD3-/Q1: CD19- , B220+/Q4: MHCII- , CD62L- | Count","Leukocytes/Single Cells/LIVE/CD3-/Q1: CD19- , B220+/Q4: MHCII- , CD62L- | Freq. of live (%)","Leukocytes/Single Cells/LIVE/CD3-/Q2: CD19+ , B220+ | Freq. of Parent (%)","Leukocytes/Single Cells/LIVE/CD3-/Q2: CD19+ , B220+ | Count","Leukocytes/Single Cells/LIVE/CD3-/Q2: CD19+ , B220+ | Freq. of live (%)","Leukocytes/Single Cells/LIVE/CD3-/Q2: CD19+ , B220+/Q1: MHCII- , CD62L+ | Freq. of Parent (%)","Leukocytes/Single Cells/LIVE/CD3-/Q2: CD19+ , B220+/Q1: MHCII- , CD62L+ | Count","Leukocytes/Single Cells/LIVE/CD3-/Q2: CD19+ , B220+/Q1: MHCII- , CD62L+ | Freq. of live (%)","Leukocytes/Single Cells/LIVE/CD3-/Q2: CD19+ , B220+/Q2: MHCII+ , CD62L+ | Freq. of Parent (%)","Leukocytes/Single Cells/LIVE/CD3-/Q2: CD19+ , B220+/Q2: MHCII+ , CD62L+ | Count","Leukocytes/Single Cells/LIVE/CD3-/Q2: CD19+ , B220+/Q2: MHCII+ , CD62L+ | Freq. of live (%)","Leukocytes/Single Cells/LIVE/CD3-/Q2: CD19+ , B220+/Q2: MHCII+ , CD62L+/Q1: CD73- , GL7+ | Freq. of Parent (%)","Leukocytes/Single Cells/LIVE/CD3-/Q2: CD19+ , B220+/Q2: MHCII+ , CD62L+/Q1: CD73- , GL7+ | Count","Leukocytes/Single Cells/LIVE/CD3-/Q2: CD19+ , B220+/Q2: MHCII+ , CD62L+/Q1: CD73- , GL7+ | Freq. of live (%)","Leukocytes/Single Cells/LIVE/CD3-/Q2: CD19+ , B220+/Q2: MHCII+ , CD62L+/Q2: CD73+ , GL7+ | Freq. of Parent (%)","Leukocytes/Single Cells/LIVE/CD3-/Q2: CD19+ , B220+/Q2: MHCII+ , CD62L+/Q2: CD73+ , GL7+ | Count","Leukocytes/Single Cells/LIVE/CD3-/Q2: CD19+ , B220+/Q2: MHCII+ , CD62L+/Q2: CD73+ , GL7+ | Freq. of live (%)","Leukocytes/Single Cells/LIVE/CD3-/Q2: CD19+ , B220+/Q2: MHCII+ , CD62L+/Q3: CD73+ , GL7- | Freq. of Parent (%)","Leukocytes/Single Cells/LIVE/CD3-/Q2: CD19+ , B220+/Q2: MHCII+ , CD62L+/Q3: CD73+ , GL7- | Count","Leukocytes/Single Cells/LIVE/CD3-/Q2: CD19+ , B220+/Q2: MHCII+ , CD62L+/Q3: CD73+ , GL7- | Freq. of live (%)","Leukocytes/Single Cells/LIVE/CD3-/Q2: CD19+ , B220+/Q2: MHCII+ , CD62L+/Q4: CD73- , GL7- | Freq. of Parent (%)","Leukocytes/Single Cells/LIVE/CD3-/Q2: CD19+ , B220+/Q2: MHCII+ , CD62L+/Q4: CD73- , GL7- | Count","Leukocytes/Single Cells/LIVE/CD3-/Q2: CD19+ , B220+/Q2: MHCII+ , CD62L+/Q4: CD73- , GL7- | Freq. of live (%)","Leukocytes/Single Cells/LIVE/CD3-/Q2: CD19+ , B220+/Q3: MHCII+ , CD62L- | Freq. of Parent (%)","Leukocytes/Single Cells/LIVE/CD3-/Q2: CD19+ , B220+/Q3: MHCII+ , CD62L- | Count","Leukocytes/Single Cells/LIVE/CD3-/Q2: CD19+ , B220+/Q3: MHCII+ , CD62L- | Freq. of live (%)","Leukocytes/Single Cells/LIVE/CD3-/Q2: CD19+ , B220+/Q3: MHCII+ , CD62L-/Q1: CD73- , GL7+ | Freq. of Parent (%)","Leukocytes/Single Cells/LIVE/CD3-/Q2: CD19+ , B220+/Q3: MHCII+ , CD62L-/Q1: CD73- , GL7+ | Count","Leukocytes/Single Cells/LIVE/CD3-/Q2: CD19+ , B220+/Q3: MHCII+ , CD62L-/Q1: CD73- , GL7+ | Freq. of live (%)","Leukocytes/Single Cells/LIVE/CD3-/Q2: CD19+ , B220+/Q3: MHCII+ , CD62L-/Q2: CD73+ , GL7+ | Freq. of Parent (%)","Leukocytes/Single Cells/LIVE/CD3-/Q2: CD19+ , B220+/Q3: MHCII+ , CD62L-/Q2: CD73+ , GL7+ | Count","Leukocytes/Single Cells/LIVE/CD3-/Q2: CD19+ , B220+/Q3: MHCII+ , CD62L-/Q2: CD73+ , GL7+ | Freq. of live (%)","Leukocytes/Single Cells/LIVE/CD3-/Q2: CD19+ , B220+/Q3: MHCII+ , CD62L-/Q3: CD73+ , GL7- | Freq. of Parent (%)","Leukocytes/Single Cells/LIVE/CD3-/Q2: CD19+ , B220+/Q3: MHCII+ , CD62L-/Q3: CD73+ , GL7- | Count","Leukocytes/Single Cells/LIVE/CD3-/Q2: CD19+ , B220+/Q3: MHCII+ , CD62L-/Q3: CD73+ , GL7- | Freq. of live (%)","Leukocytes/Single Cells/LIVE/CD3-/Q2: CD19+ , B220+/Q3: MHCII+ , CD62L-/Q4: CD73- , GL7- | Freq. of Parent (%)","Leukocytes/Single Cells/LIVE/CD3-/Q2: CD19+ , B220+/Q3: MHCII+ , CD62L-/Q4: CD73- , GL7- | Count","Leukocytes/Single Cells/LIVE/CD3-/Q2: CD19+ , B220+/Q3: MHCII+ , CD62L-/Q4: CD73- , GL7- | Freq. of live (%)","Leukocytes/Single Cells/LIVE/CD3-/Q2: CD19+ , B220+/Q4: MHCII- , CD62L- | Freq. of Parent (%)","Leukocytes/Single Cells/LIVE/CD3-/Q2: CD19+ , B220+/Q4: MHCII- , CD62L- | Count","Leukocytes/Single Cells/LIVE/CD3-/Q2: CD19+ , B220+/Q4: MHCII- , CD62L- | Freq. of live (%)","Leukocytes/Single Cells/LIVE/CD3-/Q3: CD19+ , B220- | Freq. of Parent (%)","Leukocytes/Single Cells/LIVE/CD3-/Q3: CD19+ , B220- | Count","Leukocytes/Single Cells/LIVE/CD3-/Q3: CD19+ , B220- | Freq. of live (%)","Leukocytes/Single Cells/LIVE/CD3-/Q3: CD19+ , B220-/Q1: MHCII- , CD62L+ | Freq. of Parent (%)","Leukocytes/Single Cells/LIVE/CD3-/Q3: CD19+ , B220-/Q1: MHCII- , CD62L+ | Count","Leukocytes/Single Cells/LIVE/CD3-/Q3: CD19+ , B220-/Q1: MHCII- , CD62L+ | Freq. of live (%)","Leukocytes/Single Cells/LIVE/CD3-/Q3: CD19+ , B220-/Q2: MHCII+ , CD62L+ | Freq. of Parent (%)","Leukocytes/Single Cells/LIVE/CD3-/Q3: CD19+ , B220-/Q2: MHCII+ , CD62L+ | Count","Leukocytes/Single Cells/LIVE/CD3-/Q3: CD19+ , B220-/Q2: MHCII+ , CD62L+ | Freq. of live (%)","Leukocytes/Single Cells/LIVE/CD3-/Q3: CD19+ , B220-/Q3: MHCII+ , CD62L- | Freq. of Parent (%)","Leukocytes/Single Cells/LIVE/CD3-/Q3: CD19+ , B220-/Q3: MHCII+ , CD62L- | Count","Leukocytes/Single Cells/LIVE/CD3-/Q3: CD19+ , B220-/Q3: MHCII+ , CD62L- | Freq. of live (%)","Leukocytes/Single Cells/LIVE/CD3-/Q3: CD19+ , B220-/Q3: MHCII+ , CD62L-/Q1: CD73- , GL7+ | Freq. of Parent (%)","Leukocytes/Single Cells/LIVE/CD3-/Q3: CD19+ , B220-/Q3: MHCII+ , CD62L-/Q1: CD73- , GL7+ | Count","Leukocytes/Single Cells/LIVE/CD3-/Q3: CD19+ , B220-/Q3: MHCII+ , CD62L-/Q1: CD73- , GL7+ | Freq. of live (%)","Leukocytes/Single Cells/LIVE/CD3-/Q3: CD19+ , B220-/Q3: MHCII+ , CD62L-/Q2: CD73+ , GL7+ | Freq. of Parent (%)","Leukocytes/Single Cells/LIVE/CD3-/Q3: CD19+ , B220-/Q3: MHCII+ , CD62L-/Q2: CD73+ , GL7+ | Count","Leukocytes/Single Cells/LIVE/CD3-/Q3: CD19+ , B220-/Q3: MHCII+ , CD62L-/Q2: CD73+ , GL7+ | Freq. of live (%)","Leukocytes/Single Cells/LIVE/CD3-/Q3: CD19+ , B220-/Q3: MHCII+ , CD62L-/Q3: CD73+ , GL7- | Freq. of Parent (%)","Leukocytes/Single Cells/LIVE/CD3-/Q3: CD19+ , B220-/Q3: MHCII+ , CD62L-/Q3: CD73+ , GL7- | Count","Leukocytes/Single Cells/LIVE/CD3-/Q3: CD19+ , B220-/Q3: MHCII+ , CD62L-/Q3: CD73+ , GL7- | Freq. of live (%)","Leukocytes/Single Cells/LIVE/CD3-/Q3: CD19+ , B220-/Q3: MHCII+ , CD62L-/Q4: CD73- , GL7- | Freq. of Parent (%)","Leukocytes/Single Cells/LIVE/CD3-/Q3: CD19+ , B220-/Q3: MHCII+ , CD62L-/Q4: CD73- , GL7- | Count","Leukocytes/Single Cells/LIVE/CD3-/Q3: CD19+ , B220-/Q3: MHCII+ , CD62L-/Q4: CD73- , GL7- | Freq. of live (%)","Leukocytes/Single Cells/LIVE/CD3-/Q3: CD19+ , B220-/Q4: MHCII- , CD62L- | Freq. of Parent (%)","Leukocytes/Single Cells/LIVE/CD3-/Q3: CD19+ , B220-/Q4: MHCII- , CD62L- | Count","Leukocytes/Single Cells/LIVE/CD3-/Q3: CD19+ , B220-/Q4: MHCII- , CD62L- | Freq. of live (%)","Leukocytes/Single Cells/LIVE/CD3-/Q4: CD19- , B220- | Freq. of Parent (%)","Leukocytes/Single Cells/LIVE/CD3-/Q4: CD19- , B220- | Count","Leukocytes/Single Cells/LIVE/CD3-/Q4: CD19- , B220- | Freq. of live (%)"
A4 IN-Inulin 1.fcs,100,44.7,94.2,86.3,57517,28,16093,44.2,7112,n/a,24.5,1745,n/a,18.2,318,n/a,0.23,4,n/a,0.17,3,n/a,81.4,1420,n/a,4.26,303,n/a,35.6,108,n/a,2.97,9,n/a,1.98,6,n/a,59.4,180,n/a,37,2629,n/a,23.2,609,n/a,3.31,87,n/a,25,657,n/a,48.5,1276,n/a,34.2,2435,n/a,28,4506,n/a,7.19,324,n/a,26.4,4251,n/a,35.5,1508,n/a,9.55,144,n/a,0.13,2,n/a,0.6,9,n/a,89.7,1353,n/a,17.1,729,n/a,11.1,81,n/a,2.19,16,n/a,7.96,58,n/a,78.7,574,n/a,29.2,1243,n/a,16.6,206,n/a,9.57,119,n/a,43.4,539,n/a,30.5,379,n/a,18.1,771,n/a,70.5,40553,n/a,13.7,5541,n/a,30,1660,n/a,40.1,2220,n/a,16.3,902,n/a,13.7,759,n/a,8.98,3640,n/a,19.1,697,n/a,0.86,6,n/a,0.29,2,n/a,1.87,13,n/a,97,676,n/a,1.21,44,n/a,60.5,2202,n/a,19.1,697,n/a,32.8,13298,n/a,0.038,5,n/a,16.6,2202,n/a,6.9,152,n/a,0.64,14,n/a,2.04,45,n/a,90.4,1991,n/a,82.5,10969,n/a,8.42,924,n/a,0.6,66,n/a,3.01,330,n/a,88,9649,n/a,0.92,122,n/a,1.92,778,n/a,0.64,5,n/a,6.68,52,n/a,82.4,641,n/a,9.83,63,n/a,0.78,5,n/a,10.9,70,n/a,78.5,503,n/a,10.3,80,n/a,56.3,22837,n/a
A5 IM-CPG 1.fcs,100,44.5,93.6,80.5,52572,29.2,15349,48.1,7386,n/a,5.78,427,n/a,20.6,88,n/a,0,0,n/a,0.47,2,n/a,78.9,337,n/a,1.34,99,n/a,29.3,29,n/a,4.04,4,n/a,12.1,12,n/a,54.5,54,n/a,60.9,4497,n/a,25.7,1156,n/a,7.25,326,n/a,17.3,776,n/a,49.8,2239,n/a,32,2363,n/a,23.6,3621,n/a,11.7,423,n/a,25.9,3983,n/a,4.95,197,n/a,15.7,31,n/a,0,0,n/a,0.51,1,n/a,83.8,165,n/a,8.03,320,n/a,10.6,34,n/a,2.5,8,n/a,9.06,29,n/a,77.8,249,n/a,48.8,1943,n/a,18.4,357,n/a,11.8,229,n/a,31.1,605,n/a,38.7,752,n/a,38.2,1523,n/a,69.9,36744,n/a,13.8,5077,n/a,21,1067,n/a,24.2,1231,n/a,26.5,1343,n/a,28.3,1436,n/a,9.95,3655,n/a,19.7,720,n/a,0.14,1,n/a,0,0,n/a,0.42,3,n/a,99.4,716,n/a,0.82,30,n/a,57.2,2092,n/a,22.2,813,n/a,31.9,11726,n/a,0,0,n/a,2.41,283,n/a,24.7,70,n/a,2.12,6,n/a,2.12,6,n/a,71,201,n/a,97,11370,n/a,13.2,1496,n/a,1.35,154,n/a,2.65,301,n/a,82.8,9419,n/a,0.62,73,n/a,1.14,420,n/a,0.95,4,n/a,1.43,6,n/a,79,332,n/a,17.8,59,n/a,0.3,1,n/a,3.92,13,n/a,78,259,n/a,18.6,78,n/a,57,20943,n/a
A6 SvX-IN 1.fcs,100,43.2,91.6,88.7,57298,30.6,17546,51.1,8959,n/a,16.8,1504,n/a,15,225,n/a,0.13,2,n/a,0.73,11,n/a,84.2,1266,n/a,2.89,259,n/a,25.9,67,n/a,8.49,22,n/a,5.41,14,n/a,60.2,156,n/a,51.3,4594,n/a,35.1,1614,n/a,6.2,285,n/a,12.1,554,n/a,46.6,2141,n/a,29,2602,n/a,25.1,4396,n/a,10.2,447,n/a,21.2,3714,n/a,34.8,1293,n/a,10.6,137,n/a,0.23,3,n/a,0.85,11,n/a,88.3,1142,n/a,14.3,531,n/a,13.9,74,n/a,2.07,11,n/a,6.03,32,n/a,78,414,n/a,33.2,1234,n/a,37.1,458,n/a,10.5,130,n/a,21.2,262,n/a,31.1,384,n/a,17.7,656,n/a,68.1,39013,n/a,9.35,3648,n/a,52.9,1931,n/a,27.7,1011,n/a,9.13,333,n/a,10.2,373,n/a,7.1,2770,n/a,28.8,799,n/a,0.63,5,n/a,0,0,n/a,0.88,7,n/a,98.5,787,n/a,12.3,342,n/a,49.1,1360,n/a,9.71,269,n/a,28.8,11249,n/a,0.87,98,n/a,68.7,7724,n/a,12.2,939,n/a,0.6,46,n/a,0.54,42,n/a,86.7,6697,n/a,29.4,3310,n/a,23.4,773,n/a,1.75,58,n/a,3.23,107,n/a,71.7,2372,n/a,1.04,117,n/a,1.77,689,n/a,5.08,35,n/a,29.9,206,n/a,52.8,364,n/a,18.7,68,n/a,1.65,6,n/a,6.04,22,n/a,73.6,268,n/a,12.2,84,n/a,62.3,24305,n/a
A7 SvX-IM 1.fcs,100,45.6,90.1,83.5,53433,25.6,13697,44.1,6035,n/a,28,1692,n/a,33.8,572,n/a,0.3,5,n/a,0.35,6,n/a,65.5,1109,n/a,5.68,343,n/a,44.9,154,n/a,5.25,18,n/a,5.25,18,n/a,44.6,153,n/a,37.8,2282,n/a,23.6,538,n/a,12.4,284,n/a,34.8,795,n/a,29.1,665,n/a,28.5,1718,n/a,24.4,3338,n/a,11.7,392,n/a,29.6,4059,n/a,52.6,2135,n/a,20.7,441,n/a,0.47,10,n/a,0.89,19,n/a,78,1665,n/a,19.6,797,n/a,19.8,158,n/a,2.13,17,n/a,10.3,82,n/a,67.8,540,n/a,19.4,789,n/a,15.7,124,n/a,10.6,84,n/a,55.5,438,n/a,18.1,143,n/a,8.33,338,n/a,72.7,38841,n/a,13.4,5190,n/a,41.6,2159,n/a,48.6,2523,n/a,5.55,288,n/a,4.24,220,n/a,7.84,3045,n/a,42.7,1301,n/a,0.92,12,n/a,0,0,n/a,0.92,12,n/a,98.2,1277,n/a,14.8,451,n/a,34.5,1051,n/a,7.95,242,n/a,29,11246,n/a,0.24,27,n/a,76.9,8644,n/a,7.59,656,n/a,0.14,12,n/a,0.64,55,n/a,91.6,7921,n/a,22,2478,n/a,16.3,404,n/a,0.4,10,n/a,1.74,43,n/a,81.6,2021,n/a,0.86,97,n/a,1.3,505,n/a,1.39,7,n/a,26.5,134,n/a,60.4,305,n/a,20.3,62,n/a,0.66,2,n/a,5.9,18,n/a,73.1,223,n/a,11.7,59,n/a,61.9,24045,n/a
A8 CPG 1.fcs,100,46.3,90.3,85.3,55481,32.6,18079,43.3,7837,n/a,25.6,2006,n/a,33.3,669,n/a,0.2,4,n/a,0.2,4,n/a,66.3,1329,n/a,3.93,308,n/a,43.2,133,n/a,5.52,17,n/a,4.22,13,n/a,47.1,145,n/a,44.9,3515,n/a,34.7,1220,n/a,9.62,338,n/a,16.8,589,n/a,38.9,1368,n/a,25.6,2008,n/a,27.6,4994,n/a,13.2,659,n/a,27.3,4930,n/a,47.9,2361,n/a,17.7,419,n/a,0.085,2,n/a,0.34,8,n/a,81.8,1932,n/a,23.4,1156,n/a,21.3,246,n/a,1.99,23,n/a,3.63,42,n/a,73.1,845,n/a,21.3,1052,n/a,30.7,323,n/a,18.6,196,n/a,24.5,258,n/a,26.1,275,n/a,7.32,361,n/a,66.1,36676,n/a,13.6,4985,n/a,45.7,2277,n/a,42.4,2114,n/a,6.7,334,n/a,5.22,260,n/a,9.05,3321,n/a,32.7,1086,n/a,0.83,9,n/a,0.092,1,n/a,1.2,13,n/a,97.9,1063,n/a,18.4,611,n/a,40.7,1352,n/a,8.19,272,n/a,32.2,11824,n/a,0.38,45,n/a,72.8,8602,n/a,9.04,778,n/a,0.27,23,n/a,0.81,70,n/a,89.9,7731,n/a,25.6,3032,n/a,17.2,522,n/a,1.52,46,n/a,2.77,84,n/a,78.5,2380,n/a,1.23,145,n/a,1.56,571,n/a,1.93,11,n/a,31.3,179,n/a,54.8,313,n/a,15.3,48,n/a,0.32,1,n/a,6.39,20,n/a,78,244,n/a,11.9,68,n/a,57.1,20960,n/a
A9 Inulin 1.fcs,100,43.9,88.3,81.9,51203,25.9,13256,44.8,5933,n/a,22.4,1328,n/a,32.5,432,n/a,0.075,1,n/a,0.45,6,n/a,66.9,889,n/a,2.29,136,n/a,50,68,n/a,3.68,5,n/a,4.41,6,n/a,41.9,57,n/a,30.8,1828,n/a,25.8,472,n/a,11.4,208,n/a,33,604,n/a,29.8,544,n/a,44.5,2641,n/a,29.2,3872,n/a,8.11,314,n/a,23,3054,n/a,51,1558,n/a,21.9,341,n/a,0.19,3,n/a,0.71,11,n/a,77.2,1203,n/a,13.5,413,n/a,21.1,87,n/a,4.36,18,n/a,9.44,39,n/a,65.1,269,n/a,19.5,597,n/a,17.6,105,n/a,10.9,65,n/a,49.9,298,n/a,21.6,129,n/a,15.9,486,n/a,72.9,37316,n/a,7.76,2896,n/a,43.5,1259,n/a,37.2,1078,n/a,8.84,256,n/a,10.5,303,n/a,10.5,3927,n/a,21.3,837,n/a,1.79,15,n/a,0.12,1,n/a,0.84,7,n/a,97.3,814,n/a,14.6,573,n/a,55.4,2174,n/a,8.73,343,n/a,24.8,9260,n/a,0.24,22,n/a,30.1,2784,n/a,36.9,1027,n/a,1.8,50,n/a,0.93,26,n/a,60.4,1681,n/a,68.8,6370,n/a,31,1974,n/a,1.54,98,n/a,0.88,56,n/a,66.6,4242,n/a,0.91,84,n/a,1.44,538,n/a,1.12,6,n/a,20.8,112,n/a,66.9,360,n/a,37.2,134,n/a,1.94,7,n/a,5,18,n/a,55.8,201,n/a,11.2,60,n/a,63.2,23591,n/a
A10 BCG-BCG 1.fcs,100,36.5,90.4,87.3,54222,26.5,14371,53.9,7749,n/a,18.2,1410,n/a,9.93,140,n/a,0.28,4,n/a,0.43,6,n/a,89.4,1260,n/a,4.85,376,n/a,31.9,120,n/a,5.85,22,n/a,5.59,21,n/a,56.6,213,n/a,54.1,4196,n/a,31.8,1336,n/a,5.48,230,n/a,16.1,676,n/a,46.6,1954,n/a,22.8,1767,n/a,17.6,2532,n/a,9.72,246,n/a,25.8,3711,n/a,36.8,1364,n/a,5.13,70,n/a,0.073,1,n/a,0.29,4,n/a,94.5,1289,n/a,23.8,884,n/a,7.58,67,n/a,1.36,12,n/a,5.43,48,n/a,85.6,757,n/a,33.6,1247,n/a,34.6,432,n/a,10,125,n/a,23,287,n/a,32.3,403,n/a,5.82,216,n/a,72.7,39428,n/a,7.24,2854,n/a,19.4,553,n/a,53.3,1521,n/a,19.6,559,n/a,7.74,221,n/a,6.7,2643,n/a,19,502,n/a,1.39,7,n/a,0.2,1,n/a,1.79,9,n/a,96.6,485,n/a,14.6,386,n/a,51.5,1361,n/a,14.9,394,n/a,37.1,14620,n/a,1.53,224,n/a,64.4,9419,n/a,9.49,894,n/a,0.41,39,n/a,1.41,133,n/a,88.7,8353,n/a,32.3,4729,n/a,13.5,639,n/a,3.3,156,n/a,7.89,373,n/a,75.3,3561,n/a,1.7,248,n/a,3.3,1303,n/a,1.3,17,n/a,24.2,315,n/a,65.3,851,n/a,11.5,98,n/a,1.76,15,n/a,7.29,62,n/a,79.4,676,n/a,9.21,120,n/a,52.9,20862,n/a
A11 BCG 1.fcs,100,36.9,90.1,81.7,50524,26.9,13582,47.1,6394,n/a,19.2,1226,n/a,13.6,167,n/a,0,0,n/a,0.49,6,n/a,85.9,1053,n/a,3.75,240,n/a,30.8,74,n/a,5.83,14,n/a,6.67,16,n/a,56.7,136,n/a,56.4,3606,n/a,17,614,n/a,8.51,307,n/a,41.7,1504,n/a,32.8,1181,n/a,20.7,1322,n/a,20.2,2750,n/a,12.1,333,n/a,30.6,4155,n/a,35.8,1488,n/a,5.85,87,n/a,0.13,2,n/a,0.74,11,n/a,93.3,1388,n/a,17.6,731,n/a,7.52,55,n/a,3.15,23,n/a,18.9,138,n/a,70.5,515,n/a,35.5,1474,n/a,13.5,199,n/a,9.84,145,n/a,60.8,896,n/a,15.9,234,n/a,11.1,462,n/a,72.1,36409,n/a,13.6,4937,n/a,25.9,1281,n/a,54.6,2695,n/a,10.7,530,n/a,8.73,431,n/a,7.58,2760,n/a,46.6,1286,n/a,0.39,5,n/a,0,0,n/a,0.54,7,n/a,99.1,1274,n/a,0.76,21,n/a,32.5,896,n/a,20.2,557,n/a,21.3,7749,n/a,0.14,11,n/a,33,2554,n/a,30.5,780,n/a,0.27,7,n/a,0.39,10,n/a,68.8,1757,n/a,65.9,5107,n/a,33.9,1732,n/a,1.23,63,n/a,2.6,133,n/a,62.2,3179,n/a,0.99,77,n/a,0.74,269,n/a,1.86,5,n/a,10.8,29,n/a,73.6,198,n/a,11.6,23,n/a,0,0,n/a,6.06,12,n/a,82.3,163,n/a,13.8,37,n/a,70.4,25631,n/a
A12 Saline 1.fcs,100,47.2,91.1,86.6,55962,46,25722,50,12867,n/a,15.6,2010,n/a,19.7,396,n/a,0.35,7,n/a,0.45,9,n/a,79.5,1598,n/a,3.24,417,n/a,33.6,140,n/a,7.67,32,n/a,6,25,n/a,52.8,220,n/a,53.9,6939,n/a,25.9,1800,n/a,9.86,684,n/a,25.9,1794,n/a,38.3,2661,n/a,27.2,3501,n/a,21.3,5487,n/a,16.8,923,n/a,27.1,6983,n/a,29,2023,n/a,10.9,221,n/a,0.15,3,n/a,1.78,36,n/a,87.1,1763,n/a,14.6,1020,n/a,12.8,131,n/a,2.94,30,n/a,7.75,79,n/a,76.5,780,n/a,37.5,2621,n/a,15.2,398,n/a,12.7,332,n/a,45,1179,n/a,27.2,712,n/a,18.9,1319,n/a,53.1,29715,n/a,11.3,3362,n/a,36.8,1236,n/a,41.4,1391,n/a,13,438,n/a,8.83,297,n/a,9.2,2735,n/a,29.9,818,n/a,0.24,2,n/a,0,0,n/a,0.49,4,n/a,99.3,812,n/a,16.7,458,n/a,44.4,1215,n/a,8.92,244,n/a,34,10089,n/a,0.4,40,n/a,56.2,5672,n/a,37,2100,n/a,1.23,70,n/a,0.81,46,n/a,60.9,3456,n/a,42.1,4244,n/a,48.7,2066,n/a,3.39,144,n/a,3.75,159,n/a,44.2,1875,n/a,1.32,133,n/a,1.93,574,n/a,2.09,12,n/a,32.9,189,n/a,51.7,297,n/a,25.3,75,n/a,2.36,7,n/a,8.08,24,n/a,64.3,191,n/a,13.2,76,n/a,54.9,16317,n/a
B4 IN-Inulin 2.fcs,100,46.1,91.4,86.5,56408,28.5,16069,42.9,6899,n/a,22,1521,n/a,27.7,421,n/a,1.78,27,n/a,2.04,31,n/a,68.5,1042,n/a,2.57,177,n/a,35.6,63,n/a,12.4,22,n/a,13.6,24,n/a,38.4,68,n/a,19,1311,n/a,35.6,467,n/a,7.32,96,n/a,13.4,176,n/a,43.6,572,n/a,56.4,3890,n/a,39.4,6336,n/a,6.52,413,n/a,14.2,2284,n/a,40.2,918,n/a,14.9,137,n/a,0.11,1,n/a,1.85,17,n/a,83.1,763,n/a,18.9,431,n/a,15.8,68,n/a,3.02,13,n/a,12.5,54,n/a,68.7,296,n/a,20.1,459,n/a,18.3,84,n/a,10.2,47,n/a,47.9,220,n/a,23.5,108,n/a,20.8,476,n/a,69.2,39041,n/a,8.57,3345,n/a,62.1,2076,n/a,22.2,743,n/a,6.55,219,n/a,9.18,307,n/a,12.8,5005,n/a,18.3,914,n/a,0.98,9,n/a,0,0,n/a,1.2,11,n/a,97.8,894,n/a,31.6,1580,n/a,45.1,2255,n/a,5.11,256,n/a,27.8,10862,n/a,0.17,19,n/a,65.9,7160,n/a,18.2,1306,n/a,2.09,150,n/a,2.22,159,n/a,77.4,5545,n/a,33.5,3644,n/a,22.1,807,n/a,6.31,230,n/a,6.53,238,n/a,65,2369,n/a,0.36,39,n/a,1.48,579,n/a,1.73,10,n/a,25.9,150,n/a,65.6,380,n/a,17.9,68,n/a,4.21,16,n/a,12.9,49,n/a,65,247,n/a,6.74,39,n/a,57.9,22595,n/a
B5 IM-CPG 2.fcs,100,50.8,93.7,85.4,57487,34.7,19929,50.5,10074,n/a,20.1,2025,n/a,21.2,430,n/a,0.49,10,n/a,0.54,11,n/a,77.7,1574,n/a,3.49,352,n/a,38.9,137,n/a,8.24,29,n/a,6.82,24,n/a,46,162,n/a,46.8,4713,n/a,32.8,1548,n/a,7.24,341,n/a,14,659,n/a,45.9,2165,n/a,29.6,2984,n/a,23.2,4628,n/a,11.2,520,n/a,23.8,4746,n/a,42,1991,n/a,13.3,264,n/a,0.2,4,n/a,0.7,14,n/a,85.8,1709,n/a,14.8,701,n/a,15.3,107,n/a,2.14,15,n/a,6.85,48,n/a,75.7,531,n/a,30.6,1450,n/a,32.3,469,n/a,11.4,165,n/a,22.2,322,n/a,34.1,494,n/a,12.7,604,n/a,64,36793,n/a,10.9,4001,n/a,46.8,1872,n/a,36.6,1466,n/a,10.1,404,n/a,6.47,259,n/a,6.65,2445,n/a,29.8,729,n/a,1.23,9,n/a,0,0,n/a,1.23,9,n/a,97.5,711,n/a,12.1,297,n/a,44.4,1085,n/a,13.7,334,n/a,30.9,11361,n/a,0.82,93,n/a,57.2,6495,n/a,16.8,1088,n/a,1.06,69,n/a,1.74,113,n/a,80.4,5225,n/a,40.8,4640,n/a,24.8,1152,n/a,5.69,264,n/a,8.25,383,n/a,61.2,2841,n/a,1.17,133,n/a,1.82,670,n/a,1.64,11,n/a,19.6,131,n/a,67,449,n/a,15.4,69,n/a,2.45,11,n/a,12.2,55,n/a,69.9,314,n/a,11.8,79,n/a,60.7,22317,n/a
B6 SvX-IN 2.fcs,100,39,89.9,85.1,52871,28.4,15028,47.9,7193,n/a,28.8,2068,n/a,26.6,550,n/a,0.048,1,n/a,0.048,1,n/a,73.3,1516,n/a,3.88,279,n/a,38.7,108,n/a,4.66,13,n/a,4.66,13,n/a,52,145,n/a,46.1,3317,n/a,26.9,893,n/a,9.5,315,n/a,25.3,839,n/a,38.3,1270,n/a,21.3,1529,n/a,16.9,2534,n/a,12.5,316,n/a,33.2,4995,n/a,45.8,2286,n/a,18.5,424,n/a,0.13,3,n/a,0.74,17,n/a,80.6,1842,n/a,13.7,683,n/a,17.9,122,n/a,2.93,20,n/a,7.47,51,n/a,71.7,490,n/a,24.8,1237,n/a,27.1,335,n/a,15.1,187,n/a,34.8,431,n/a,23,284,n/a,15.8,789,n/a,70.5,37288,n/a,9.43,3516,n/a,27.4,962,n/a,52.3,1840,n/a,13.5,473,n/a,6.85,241,n/a,5.67,2113,n/a,29.2,617,n/a,0.32,2,n/a,0,0,n/a,1.3,8,n/a,98.4,607,n/a,3.08,65,n/a,53.1,1121,n/a,14.7,310,n/a,33.9,12639,n/a,1.04,131,n/a,54.2,6850,n/a,36.9,2530,n/a,0.31,21,n/a,0.47,32,n/a,62.3,4267,n/a,42.8,5413,n/a,40.5,2190,n/a,1.07,58,n/a,2.73,148,n/a,55.7,3017,n/a,1.94,245,n/a,0.82,307,n/a,3.58,11,n/a,17.3,53,n/a,57.7,177,n/a,21.5,38,n/a,1.69,3,n/a,7.34,13,n/a,69.5,123,n/a,21.5,66,n/a,59.6,22229,n/a
B7 SvX-IM 2.fcs,100,37,89.3,83.9,50905,27.2,13846,42.1,5830,n/a,21.7,1263,n/a,21.7,274,n/a,0.16,2,n/a,0.24,3,n/a,77.9,984,n/a,5.06,295,n/a,29.5,87,n/a,8.14,24,n/a,3.39,10,n/a,59,174,n/a,52.7,3073,n/a,32.1,986,n/a,5.47,168,n/a,16.4,504,n/a,46,1415,n/a,20.6,1199,n/a,22.1,3056,n/a,16.1,492,n/a,33.9,4689,n/a,31.8,1490,n/a,11.3,168,n/a,0,0,n/a,1.41,21,n/a,87.3,1301,n/a,20.9,981,n/a,11.9,117,n/a,2.34,23,n/a,11.7,115,n/a,74,726,n/a,39.1,1834,n/a,25.6,470,n/a,18.4,338,n/a,35.3,648,n/a,20.6,378,n/a,8.19,384,n/a,71.7,36520,n/a,10.6,3880,n/a,33.9,1315,n/a,50.7,1969,n/a,8.97,348,n/a,6.39,248,n/a,6.8,2482,n/a,31,769,n/a,1.04,8,n/a,0,0,n/a,0.65,5,n/a,98.3,756,n/a,3.59,89,n/a,49.2,1220,n/a,16.3,404,n/a,31.8,11617,n/a,0.81,94,n/a,52.4,6084,n/a,9.32,567,n/a,0.15,9,n/a,0.66,40,n/a,89.9,5468,n/a,44.8,5200,n/a,14.2,736,n/a,1.25,65,n/a,3.83,199,n/a,80.8,4200,n/a,2.06,239,n/a,1.58,576,n/a,0.69,4,n/a,12.8,74,n/a,72.2,416,n/a,10.3,43,n/a,0,0,n/a,7.45,31,n/a,82.2,342,n/a,14.2,82,n/a,59.8,21845,n/a
B8 CPG 2.fcs,100,44.6,88.8,84.8,53802,22.7,12229,52.3,6397,n/a,6.86,439,n/a,35.3,155,n/a,0.23,1,n/a,0.91,4,n/a,63.6,279,n/a,1.03,66,n/a,39.4,26,n/a,13.6,9,n/a,7.58,5,n/a,39.4,26,n/a,48.5,3101,n/a,20.4,633,n/a,10.8,336,n/a,40.1,1244,n/a,28.6,888,n/a,43.6,2791,n/a,22.8,2789,n/a,12.3,342,n/a,22.7,2774,n/a,16.9,468,n/a,23.1,108,n/a,0,0,n/a,0.21,1,n/a,76.7,359,n/a,11.4,317,n/a,28.4,90,n/a,2.84,9,n/a,6.94,22,n/a,61.8,196,n/a,37.1,1030,n/a,22.3,230,n/a,12.1,125,n/a,38.4,396,n/a,27.1,279,n/a,34.6,959,n/a,76.4,41107,n/a,11.1,4557,n/a,31.2,1421,n/a,32.3,1474,n/a,16.6,758,n/a,19.8,904,n/a,7.32,3010,n/a,30.1,906,n/a,0.33,3,n/a,0,0,n/a,0.66,6,n/a,99,897,n/a,1.13,34,n/a,49.1,1479,n/a,19.6,591,n/a,16.8,6921,n/a,0.087,6,n/a,18.5,1280,n/a,15.8,202,n/a,0.16,2,n/a,0.78,10,n/a,83.3,1066,n/a,79.8,5526,n/a,47.8,2641,n/a,0.52,29,n/a,1.09,60,n/a,50.6,2796,n/a,1.57,109,n/a,1.04,429,n/a,1.86,8,n/a,5.59,24,n/a,60.1,258,n/a,49.6,128,n/a,0.39,1,n/a,2.33,6,n/a,47.7,123,n/a,32.4,139,n/a,74.8,30747,n/a
B9 Inulin 2.fcs,100,43.7,89.6,84.1,53109,32.4,17222,44.5,7665,n/a,20.5,1573,n/a,36.5,574,n/a,0.64,10,n/a,0.57,9,n/a,62.3,980,n/a,3.51,269,n/a,40.5,109,n/a,10.8,29,n/a,7.06,19,n/a,41.6,112,n/a,55.6,4265,n/a,35.8,1526,n/a,8.46,361,n/a,17.4,742,n/a,38.4,1636,n/a,20.3,1558,n/a,22.5,3871,n/a,14.1,546,n/a,31.1,5354,n/a,30.6,1641,n/a,22.2,365,n/a,0.43,7,n/a,1.16,19,n/a,76.2,1250,n/a,15.1,811,n/a,19.1,155,n/a,3.82,31,n/a,5.18,42,n/a,71.9,583,n/a,42.7,2284,n/a,22.6,516,n/a,15.3,350,n/a,46.2,1055,n/a,15.9,363,n/a,11.5,618,n/a,66.4,35243,n/a,14.1,4981,n/a,32.4,1614,n/a,34,1696,n/a,15.8,785,n/a,17.8,886,n/a,6.69,2356,n/a,37.7,888,n/a,0.68,6,n/a,0.11,1,n/a,0.45,4,n/a,98.8,877,n/a,8.79,207,n/a,43.6,1027,n/a,9.93,234,n/a,33.1,11671,n/a,0.93,108,n/a,66.8,7798,n/a,30.9,2409,n/a,1.09,85,n/a,1.71,133,n/a,66.3,5171,n/a,31,3616,n/a,29.9,1080,n/a,2.57,93,n/a,6.66,241,n/a,60.9,2202,n/a,1.28,149,n/a,2.98,1051,n/a,1.81,19,n/a,33.6,353,n/a,55.7,585,n/a,17.9,105,n/a,0.51,3,n/a,5.47,32,n/a,76.1,445,n/a,8.94,94,n/a,57.2,20165,n/a
B10 BCG-BCG 2.fcs,100,46.8,88.7,82.6,52198,23.8,12416,52.6,6532,n/a,4.88,319,n/a,11.3,36,n/a,0,0,n/a,0.31,1,n/a,88.4,282,n/a,1.94,127,n/a,23.6,30,n/a,5.51,7,n/a,5.51,7,n/a,65.4,83,n/a,63.2,4128,n/a,21.1,871,n/a,4.05,167,n/a,23.2,958,n/a,51.6,2132,n/a,30,1958,n/a,18.9,2341,n/a,21.8,510,n/a,26.4,3275,n/a,6.84,224,n/a,4.91,11,n/a,0,0,n/a,0.45,1,n/a,94.6,212,n/a,12.5,409,n/a,8.8,36,n/a,3.91,16,n/a,7.09,29,n/a,80.2,328,n/a,48.5,1588,n/a,24.1,382,n/a,12.8,204,n/a,18.1,288,n/a,45,714,n/a,32.2,1054,n/a,75.6,39471,n/a,7.01,2766,n/a,13.3,369,n/a,35.5,981,n/a,35.5,983,n/a,15.7,433,n/a,8.01,3160,n/a,11.2,353,n/a,0,0,n/a,0,0,n/a,0.85,3,n/a,99.2,350,n/a,1.74,55,n/a,71,2244,n/a,16.1,508,n/a,26.7,10555,n/a,0.14,15,n/a,11.3,1188,n/a,18.1,215,n/a,1.85,22,n/a,1.6,19,n/a,78.5,932,n/a,87,9185,n/a,25.6,2351,n/a,2.46,226,n/a,3.79,348,n/a,68.2,6260,n/a,1.58,167,n/a,1.41,558,n/a,0.72,4,n/a,4.84,27,n/a,79.2,442,n/a,23.5,104,n/a,2.94,13,n/a,6.56,29,n/a,67,296,n/a,15.2,85,n/a,63.8,25198,n/a
B11 BCG 2.fcs,100,41.4,90.2,81.2,51363,25.5,13082,51.8,6780,n/a,4.13,280,n/a,15.4,43,n/a,0,0,n/a,0,0,n/a,84.6,237,n/a,0.86,58,n/a,20.7,12,n/a,8.62,5,n/a,3.45,2,n/a,67.2,39,n/a,74.6,5056,n/a,30.4,1538,n/a,4.13,209,n/a,13.3,674,n/a,52.1,2635,n/a,20.4,1386,n/a,23,3005,n/a,18.4,554,n/a,22.8,2983,n/a,4.83,144,n/a,11.1,16,n/a,0.69,1,n/a,2.78,4,n/a,85.4,123,n/a,8.88,265,n/a,9.81,26,n/a,1.51,4,n/a,9.81,26,n/a,78.9,209,n/a,63.1,1881,n/a,21.4,403,n/a,16.2,304,n/a,22.3,420,n/a,40.1,754,n/a,23.2,693,n/a,73.8,37930,n/a,10.4,3948,n/a,23.7,934,n/a,30.4,1201,n/a,26.4,1044,n/a,19.5,769,n/a,6.96,2641,n/a,20.4,539,n/a,0.74,4,n/a,0,0,n/a,0.93,5,n/a,98.3,530,n/a,0.87,23,n/a,59.5,1572,n/a,19.2,507,n/a,31.5,11947,n/a,0.075,9,n/a,4.6,550,n/a,51.6,284,n/a,2.55,14,n/a,1.27,7,n/a,44.5,245,n/a,92.4,11039,n/a,27.9,3082,n/a,2.69,297,n/a,5.03,555,n/a,64.4,7105,n/a,2.92,349,n/a,2.49,943,n/a,0.64,6,n/a,2.23,21,n/a,83.5,787,n/a,12.7,100,n/a,1.02,8,n/a,6.61,52,n/a,79.7,627,n/a,13.7,129,n/a,59.1,22399,n/a
B12 Saline 2.fcs,100,50.1,91.5,90.6,59348,46.8,27792,55,15298,n/a,8.63,1320,n/a,15.3,202,n/a,0.15,2,n/a,0.38,5,n/a,84.2,1111,n/a,1.8,276,n/a,27.9,77,n/a,5.43,15,n/a,10.1,28,n/a,56.5,156,n/a,71.6,10959,n/a,19.2,2106,n/a,7.73,847,n/a,32.7,3581,n/a,40.4,4425,n/a,17.9,2743,n/a,17.4,4846,n/a,15.9,772,n/a,26,7226,n/a,17.4,1254,n/a,7.97,100,n/a,0.24,3,n/a,2.15,27,n/a,89.6,1124,n/a,12.9,930,n/a,10.3,96,n/a,2.37,22,n/a,10.9,101,n/a,76.5,711,n/a,58.7,4244,n/a,21.9,931,n/a,12.5,531,n/a,41.6,1765,n/a,24,1017,n/a,11,798,n/a,52.6,31239,n/a,12.7,3962,n/a,33.2,1316,n/a,51.8,2052,n/a,9.41,373,n/a,5.58,221,n/a,5.56,1738,n/a,47,817,n/a,0.61,5,n/a,0,0,n/a,1.47,12,n/a,97.9,800,n/a,3.74,65,n/a,38.6,670,n/a,10.7,186,n/a,28,8738,n/a,4.51,394,n/a,53,4628,n/a,39.8,1843,n/a,0.35,16,n/a,0.43,20,n/a,59.4,2749,n/a,38.7,3383,n/a,45.2,1529,n/a,1.33,45,n/a,2.75,93,n/a,50.7,1716,n/a,3.81,333,n/a,1.05,329,n/a,4.86,16,n/a,18.2,60,n/a,49.2,162,n/a,27.2,44,n/a,0.62,1,n/a,4.32,7,n/a,67.9,110,n/a,27.7,91,n/a,65.4,20434,n/a
C4 IN-Inulin 3.fcs,100,43.8,93.3,92.9,61707,27.6,17003,54.4,9258,n/a,16.4,1518,n/a,11.1,168,n/a,0.2,3,n/a,0.86,13,n/a,87.9,1334,n/a,3.55,329,n/a,24.3,80,n/a,8.51,28,n/a,10.9,36,n/a,56.2,185,n/a,48.6,4495,n/a,25.4,1142,n/a,6.63,298,n/a,15.2,682,n/a,52.8,2373,n/a,31.5,2916,n/a,24.6,4188,n/a,12.2,512,n/a,17.8,3022,n/a,46,1391,n/a,8.77,122,n/a,0.072,1,n/a,0.72,10,n/a,90.4,1258,n/a,19.5,589,n/a,11,65,n/a,1.02,6,n/a,5.6,33,n/a,82.3,485,n/a,25.9,782,n/a,28.3,221,n/a,7.03,55,n/a,21.4,167,n/a,43.4,339,n/a,8.6,260,n/a,71.5,44119,n/a,7.11,3137,n/a,39.5,1240,n/a,33.4,1047,n/a,14.9,466,n/a,12.2,384,n/a,6.03,2662,n/a,25.4,676,n/a,0.59,4,n/a,0,0,n/a,1.33,9,n/a,98.1,663,n/a,8.23,219,n/a,49.6,1321,n/a,16.8,446,n/a,26.1,11526,n/a,1.63,188,n/a,58.3,6717,n/a,9.22,619,n/a,0.42,28,n/a,1.56,105,n/a,88.8,5965,n/a,38.7,4460,n/a,14.1,627,n/a,1.91,85,n/a,4.42,197,n/a,79.6,3551,n/a,1.4,161,n/a,1.29,568,n/a,4.23,24,n/a,20.4,116,n/a,58.3,331,n/a,16.3,54,n/a,1.21,4,n/a,4.83,16,n/a,77.6,257,n/a,17.1,97,n/a,66.6,29363,n/a
C5 IM-CPG 3.fcs,100,40.9,90,86.4,54818,29.2,16032,52.6,8432,n/a,9,759,n/a,24,182,n/a,1.58,12,n/a,2.24,17,n/a,72.2,548,n/a,1.46,123,n/a,43.9,54,n/a,11.4,14,n/a,7.32,9,n/a,37.4,46,n/a,43.3,3648,n/a,36.8,1343,n/a,8.5,310,n/a,14.6,534,n/a,40,1461,n/a,46.3,3902,n/a,31.3,5020,n/a,12.6,635,n/a,14.3,2288,n/a,32.7,749,n/a,14.3,107,n/a,0.93,7,n/a,1.74,13,n/a,83,622,n/a,19.8,452,n/a,15.3,69,n/a,4.42,20,n/a,8.41,38,n/a,71.9,325,n/a,38.6,883,n/a,36.1,319,n/a,16.2,143,n/a,22.2,196,n/a,25.5,225,n/a,8.92,204,n/a,68.9,37788,n/a,9.62,3635,n/a,50.6,1838,n/a,27.7,1008,n/a,10.4,377,n/a,11.3,412,n/a,13.7,5173,n/a,18.5,957,n/a,1.04,10,n/a,0.1,1,n/a,0.84,8,n/a,98,938,n/a,20,1035,n/a,54,2793,n/a,7.5,388,n/a,27.8,10511,n/a,1.08,114,n/a,54.5,5726,n/a,41.6,2381,n/a,2.03,116,n/a,1.08,62,n/a,55.3,3167,n/a,43,4517,n/a,46,2079,n/a,6.46,292,n/a,7.35,332,n/a,40.2,1814,n/a,1.47,154,n/a,1.67,632,n/a,3.16,20,n/a,19.6,124,n/a,66.8,422,n/a,21.8,92,n/a,3.32,14,n/a,10.2,43,n/a,64.7,273,n/a,10.4,66,n/a,56.8,21472,n/a
C6 SvX-IN 3.fcs,100,38.7,88.6,82,49733,25.2,12537,43.7,5473,n/a,27.1,1484,n/a,30.5,452,n/a,0.2,3,n/a,0.61,9,n/a,68.7,1020,n/a,4.66,255,n/a,41.2,105,n/a,6.27,16,n/a,6.67,17,n/a,45.9,117,n/a,44.1,2415,n/a,26.6,643,n/a,8.65,209,n/a,28.3,683,n/a,36.4,880,n/a,24.1,1319,n/a,19.7,2470,n/a,9.23,228,n/a,34.6,4337,n/a,48.3,2096,n/a,19.7,413,n/a,0.29,6,n/a,1.53,32,n/a,78.5,1645,n/a,14.2,618,n/a,19.7,122,n/a,3.72,23,n/a,11,68,n/a,65.5,405,n/a,25.3,1099,n/a,22.6,248,n/a,11.2,123,n/a,44.3,487,n/a,21.9,241,n/a,12.1,524,n/a,73.5,36572,n/a,11.1,4061,n/a,38.3,1556,n/a,47.6,1935,n/a,8.64,351,n/a,5.39,219,n/a,5.79,2118,n/a,48.9,1036,n/a,1.06,11,n/a,0.097,1,n/a,0.87,9,n/a,98,1015,n/a,6.75,143,n/a,32,677,n/a,12.4,262,n/a,25.5,9317,n/a,1.18,110,n/a,74.6,6953,n/a,13.2,915,n/a,0.23,16,n/a,0.63,44,n/a,86,5978,n/a,23,2146,n/a,24.8,533,n/a,1.07,23,n/a,3.03,65,n/a,71.1,1525,n/a,1.16,108,n/a,0.73,266,n/a,3.01,8,n/a,25.6,68,n/a,54.5,145,n/a,20,29,n/a,0.69,1,n/a,4.83,7,n/a,74.5,108,n/a,16.9,45,n/a,68,24871,n/a
C7 SvX-IM 3.fcs,100,38.1,90.7,90.4,56163,26.5,14864,57.5,8540,n/a,19.3,1649,n/a,13,214,n/a,0.12,2,n/a,0.73,12,n/a,86.2,1421,n/a,4.74,405,n/a,32.1,130,n/a,8.4,34,n/a,7.65,31,n/a,51.9,210,n/a,59.9,5115,n/a,25.1,1283,n/a,8.66,443,n/a,20.6,1053,n/a,45.7,2336,n/a,16.1,1371,n/a,14.9,2209,n/a,12.2,270,n/a,24.7,3666,n/a,34.6,1270,n/a,7.56,96,n/a,0.31,4,n/a,0.87,11,n/a,91.3,1159,n/a,21,769,n/a,8.84,68,n/a,2.47,19,n/a,10.8,83,n/a,77.9,599,n/a,37.9,1388,n/a,23.5,326,n/a,15.9,221,n/a,38.3,532,n/a,22.3,309,n/a,6.52,239,n/a,72.6,40757,n/a,10.9,4425,n/a,30,1326,n/a,54.7,2422,n/a,9.88,437,n/a,5.42,240,n/a,6.55,2670,n/a,32.8,877,n/a,0.46,4,n/a,0.23,2,n/a,2.17,19,n/a,97.1,852,n/a,6.67,178,n/a,40.4,1079,n/a,20.1,536,n/a,27.8,11340,n/a,3.15,357,n/a,67.8,7689,n/a,9.18,706,n/a,0.33,25,n/a,0.98,75,n/a,89.5,6883,n/a,26.7,3031,n/a,13.8,417,n/a,1.91,58,n/a,8.02,243,n/a,76.3,2313,n/a,2.32,263,n/a,1.09,443,n/a,4.06,18,n/a,27.3,121,n/a,54,239,n/a,13.8,33,n/a,1.26,3,n/a,4.18,10,n/a,80.8,193,n/a,14.7,65,n/a,64.5,26304,n/a
C8 CPG 3.fcs,100,45.7,89,87.1,55175,31.6,17410,46.1,8028,n/a,27.6,2214,n/a,28.3,626,n/a,0.54,12,n/a,0.5,11,n/a,70.7,1565,n/a,2.33,187,n/a,42.2,79,n/a,5.88,11,n/a,6.95,13,n/a,44.9,84,n/a,41.1,3298,n/a,28,922,n/a,6.67,220,n/a,17.5,577,n/a,47.9,1579,n/a,29,2329,n/a,28.7,5005,n/a,9.67,484,n/a,23.6,4102,n/a,57.5,2360,n/a,16.3,385,n/a,0.13,3,n/a,0.21,5,n/a,83.3,1967,n/a,12.8,527,n/a,22.8,120,n/a,1.52,8,n/a,2.66,14,n/a,73.1,385,n/a,18.1,743,n/a,45.6,339,n/a,10.4,77,n/a,18.3,136,n/a,25.7,191,n/a,11.5,472,n/a,67.5,37264,n/a,11.9,4426,n/a,65,2876,n/a,21.8,964,n/a,4.68,207,n/a,8.56,379,n/a,9.63,3589,n/a,29.7,1065,n/a,0.85,9,n/a,0.094,1,n/a,0.56,6,n/a,98.5,1049,n/a,18.1,650,n/a,42.4,1521,n/a,9.84,353,n/a,28.1,10471,n/a,3.32,348,n/a,67.3,7049,n/a,12.4,874,n/a,0.21,15,n/a,0.74,52,n/a,86.7,6108,n/a,27.2,2844,n/a,20.3,577,n/a,2.04,58,n/a,4.18,119,n/a,73.5,2090,n/a,2.2,230,n/a,1.23,457,n/a,6.13,28,n/a,21.2,97,n/a,51,233,n/a,21.5,50,n/a,0,0,n/a,6.87,16,n/a,71.7,167,n/a,21.7,99,n/a,61,22747,n/a
C9 Inulin 3.fcs,100,39,89.1,85.2,51960,30.9,16038,43,6902,n/a,24.1,1666,n/a,30.4,507,n/a,0.24,4,n/a,0.3,5,n/a,69,1150,n/a,4.17,288,n/a,46.9,135,n/a,11.8,34,n/a,3.82,11,n/a,37.5,108,n/a,49.2,3397,n/a,36.7,1248,n/a,7.15,243,n/a,14.2,482,n/a,41.9,1424,n/a,22.5,1551,n/a,26,4167,n/a,13.9,580,n/a,29,4649,n/a,40.4,1877,n/a,17.5,328,n/a,0.32,6,n/a,0.27,5,n/a,81.9,1538,n/a,26.3,1224,n/a,18.9,231,n/a,1.88,23,n/a,2.7,33,n/a,76.6,937,n/a,26.9,1250,n/a,35.5,444,n/a,15.8,198,n/a,24.5,306,n/a,24.2,302,n/a,6.41,298,n/a,68,35345,n/a,12.6,4450,n/a,37.9,1685,n/a,49.5,2202,n/a,7.8,347,n/a,4.85,216,n/a,7.93,2803,n/a,42,1177,n/a,0.68,8,n/a,0.25,3,n/a,0.68,8,n/a,98.4,1158,n/a,9.92,278,n/a,39.5,1106,n/a,8.63,242,n/a,34,12008,n/a,0.47,56,n/a,66.8,8022,n/a,10,805,n/a,0.54,43,n/a,0.96,77,n/a,88.5,7097,n/a,31.6,3796,n/a,20.4,776,n/a,2.92,111,n/a,6.01,228,n/a,70.6,2681,n/a,1.12,134,n/a,1.24,440,n/a,4.09,18,n/a,20,88,n/a,55,242,n/a,21.5,52,n/a,1.65,4,n/a,9.09,22,n/a,67.8,164,n/a,20.9,92,n/a,56.9,20094,n/a
C10 BCG-BCG 3.fcs,100,43.3,91.5,88.1,56602,32.5,18380,53.2,9787,n/a,12.5,1220,n/a,10.5,128,n/a,0.082,1,n/a,0.57,7,n/a,88.9,1084,n/a,4.01,392,n/a,25.3,99,n/a,2.81,11,n/a,4.59,18,n/a,67.3,264,n/a,67.8,6631,n/a,24.3,1614,n/a,4.69,311,n/a,15.4,1023,n/a,55.5,3683,n/a,15.8,1544,n/a,16.7,3069,n/a,23.5,722,n/a,28.3,5205,n/a,24.3,1264,n/a,4.91,62,n/a,0,0,n/a,0.32,4,n/a,94.8,1198,n/a,28.2,1466,n/a,6.82,100,n/a,0.61,9,n/a,1.91,28,n/a,90.7,1329,n/a,38.5,2006,n/a,26,521,n/a,7.58,152,n/a,27.1,543,n/a,39.4,790,n/a,9.01,469,n/a,66.6,37703,n/a,9.33,3519,n/a,22.1,778,n/a,53.5,1883,n/a,18.4,647,n/a,6,211,n/a,5.6,2110,n/a,29,611,n/a,0.65,4,n/a,0.16,1,n/a,1.31,8,n/a,97.9,598,n/a,10.5,222,n/a,42.7,902,n/a,17.8,375,n/a,36.8,13864,n/a,0.82,113,n/a,59.2,8203,n/a,34.1,2797,n/a,1.17,96,n/a,1.95,160,n/a,62.8,5150,n/a,38.9,5391,n/a,29.1,1567,n/a,2.91,157,n/a,5.66,305,n/a,62.4,3362,n/a,1.13,157,n/a,4.29,1617,n/a,1.55,25,n/a,35.6,575,n/a,58.8,950,n/a,10.9,104,n/a,0.32,3,n/a,6.21,59,n/a,82.5,784,n/a,4.14,67,n/a,53.3,20112,n/a
C11 BCG 3.fcs,100,42.4,90.1,85.8,54346,27.2,14757,41.5,6119,n/a,24.2,1481,n/a,24.3,360,n/a,0.068,1,n/a,0.068,1,n/a,75.6,1119,n/a,6.52,399,n/a,34.3,137,n/a,3.76,15,n/a,2.26,9,n/a,59.6,238,n/a,52.6,3221,n/a,25.9,833,n/a,4.47,144,n/a,19.3,621,n/a,50.4,1623,n/a,16.6,1018,n/a,21.8,3219,n/a,17,547,n/a,34.7,5125,n/a,42,2152,n/a,12.3,264,n/a,0.046,1,n/a,0.28,6,n/a,87.4,1881,n/a,25.3,1295,n/a,12.4,160,n/a,1.54,20,n/a,3.01,39,n/a,83.1,1076,n/a,26.1,1336,n/a,24,321,n/a,15,201,n/a,33,441,n/a,27.9,373,n/a,6.67,342,n/a,71.9,39082,n/a,11.9,4649,n/a,30.3,1408,n/a,56.1,2607,n/a,8.82,410,n/a,4.82,224,n/a,5.2,2031,n/a,43.7,888,n/a,1.01,9,n/a,0,0,n/a,1.24,11,n/a,97.7,868,n/a,3.4,69,n/a,37.6,763,n/a,15.3,311,n/a,40.6,15880,n/a,0.5,80,n/a,64.3,10213,n/a,10.7,1093,n/a,0.24,25,n/a,0.86,88,n/a,88.2,9007,n/a,34,5405,n/a,16.7,903,n/a,1.37,74,n/a,4.7,254,n/a,77.2,4174,n/a,1.15,182,n/a,2.84,1111,n/a,1.17,13,n/a,30.8,342,n/a,59,655,n/a,11.8,77,n/a,0.76,5,n/a,6.11,40,n/a,81.4,533,n/a,9.09,101,n/a,51.3,20060,n/a
C12 Saline 3.fcs,100,39.6,93.2,87.5,55514,44,24438,53.9,13178,n/a,8.08,1065,n/a,11.7,125,n/a,0.38,4,n/a,1.22,13,n/a,86.7,923,n/a,1.81,238,n/a,29.4,70,n/a,9.24,22,n/a,10.1,24,n/a,51.3,122,n/a,63.7,8394,n/a,17.3,1451,n/a,7.66,643,n/a,35.9,3011,n/a,39.2,3289,n/a,26.4,3481,n/a,18.4,4499,n/a,12,542,n/a,26,6355,n/a,17.4,1103,n/a,6.62,73,n/a,0.36,4,n/a,7.25,80,n/a,85.8,946,n/a,11.3,716,n/a,7.96,57,n/a,2.79,20,n/a,20.5,147,n/a,68.7,492,n/a,55.5,3530,n/a,13.3,471,n/a,12.3,434,n/a,55.4,1955,n/a,19,670,n/a,15.8,1006,n/a,55.3,30683,n/a,13.5,4152,n/a,38.4,1596,n/a,46.9,1947,n/a,8.45,351,n/a,6.21,258,n/a,5.84,1791,n/a,49.1,880,n/a,1.25,11,n/a,0,0,n/a,0.34,3,n/a,98.4,866,n/a,3.74,67,n/a,34.8,623,n/a,12.3,221,n/a,18.5,5691,n/a,6.2,353,n/a,59.8,3401,n/a,30.7,1044,n/a,0.21,7,n/a,0.44,15,n/a,68.7,2335,n/a,30.3,1726,n/a,36.3,626,n/a,2.03,35,n/a,4.06,70,n/a,57.6,995,n/a,3.71,211,n/a,0.74,228,n/a,9.21,21,n/a,24.6,56,n/a,43,98,n/a,17.3,17,n/a,1.02,1,n/a,5.1,5,n/a,76.5,75,n/a,23.2,53,n/a,74.9,22973,n/a
D4 IN-Inulin 4.fcs,100,42.1,92,86.6,54770,30.8,16859,52.1,8786,n/a,14.1,1240,n/a,27.6,342,n/a,0.89,11,n/a,0.81,10,n/a,70.7,877,n/a,4.96,436,n/a,32.8,143,n/a,9.63,42,n/a,6.65,29,n/a,50.9,222,n/a,62.4,5485,n/a,40.1,2200,n/a,8.84,485,n/a,16.5,907,n/a,34.5,1893,n/a,18.5,1625,n/a,18.3,3088,n/a,13,401,n/a,25.7,4333,n/a,35.4,1532,n/a,16.5,253,n/a,0.2,3,n/a,0.98,15,n/a,82.3,1261,n/a,28.1,1218,n/a,19.2,234,n/a,1.89,23,n/a,6.32,77,n/a,72.6,884,n/a,29.5,1278,n/a,36.9,471,n/a,14.2,182,n/a,28.2,361,n/a,20.7,264,n/a,7.04,305,n/a,67.6,37022,n/a,8.94,3309,n/a,36,1192,n/a,49.7,1643,n/a,9.22,305,n/a,5.11,169,n/a,7.63,2826,n/a,31.6,894,n/a,0.56,5,n/a,0,0,n/a,1.23,11,n/a,98.2,878,n/a,12.7,360,n/a,46.1,1304,n/a,9.48,268,n/a,32.6,12056,n/a,1.24,150,n/a,66.1,7967,n/a,21.7,1725,n/a,1.24,99,n/a,1.83,146,n/a,75.3,5997,n/a,31.9,3844,n/a,25.4,976,n/a,6.06,233,n/a,7.13,274,n/a,61.4,2361,n/a,0.79,95,n/a,1.02,379,n/a,3.96,15,n/a,27.7,105,n/a,62.3,236,n/a,19.1,45,n/a,0.42,1,n/a,8.47,20,n/a,72,170,n/a,6.07,23,n/a,58.8,21761,n/a
D5 IM-CPG 4.fcs,100,44.9,87.8,86.6,55072,24.4,13431,37.8,5081,n/a,6.26,318,n/a,31.4,100,n/a,0,0,n/a,0.31,1,n/a,68.2,217,n/a,0.55,28,n/a,17.9,5,n/a,3.57,1,n/a,21.4,6,n/a,57.1,16,n/a,29.1,1478,n/a,29,428,n/a,4.6,68,n/a,13,192,n/a,53.5,790,n/a,64.1,3257,n/a,37.3,5004,n/a,8.33,417,n/a,22.9,3081,n/a,6.04,186,n/a,17.2,32,n/a,0,0,n/a,2.15,4,n/a,80.6,150,n/a,4.71,145,n/a,9.66,14,n/a,0,0,n/a,15.2,22,n/a,75.2,109,n/a,22.5,694,n/a,18.4,128,n/a,6.34,44,n/a,28.5,198,n/a,46.7,324,n/a,66.7,2056,n/a,74.8,41193,n/a,11.1,4557,n/a,47,2142,n/a,13,592,n/a,10.1,460,n/a,29.9,1363,n/a,9.93,4089,n/a,17.3,708,n/a,0.56,4,n/a,0,0,n/a,0.56,4,n/a,98.9,700,n/a,1.12,46,n/a,67.9,2776,n/a,13.7,559,n/a,24.5,10094,n/a,0.05,5,n/a,4.63,467,n/a,24.8,116,n/a,0.86,4,n/a,3,14,n/a,71.3,333,n/a,94.2,9505,n/a,8.73,830,n/a,0.36,34,n/a,1.61,153,n/a,89.3,8488,n/a,1.16,117,n/a,1.91,786,n/a,4.45,35,n/a,3.05,24,n/a,66,519,n/a,24.1,125,n/a,0.77,4,n/a,5.97,31,n/a,69.2,359,n/a,26.5,208,n/a,63.7,26224,n/a
D6 SvX-IN 4.fcs,100,29,90.1,83.7,48965,34,16653,46.7,7777,n/a,9.09,707,n/a,26,184,n/a,0.42,3,n/a,0.85,6,n/a,72.7,514,n/a,2.84,221,n/a,49.8,110,n/a,7.24,16,n/a,8.14,18,n/a,34.8,77,n/a,67.5,5253,n/a,32.8,1722,n/a,7.44,391,n/a,17.9,939,n/a,41.9,2201,n/a,20.5,1596,n/a,20.2,3360,n/a,10.6,356,n/a,31.3,5206,n/a,20.1,1048,n/a,15.3,160,n/a,0.57,6,n/a,3.44,36,n/a,80.7,846,n/a,17.2,894,n/a,16,143,n/a,4.36,39,n/a,9.17,82,n/a,70.5,630,n/a,55.7,2900,n/a,23.8,691,n/a,28.8,834,n/a,30.2,875,n/a,17.2,500,n/a,6.99,364,n/a,64.4,31515,n/a,5.91,1861,n/a,31,576,n/a,49.8,927,n/a,13.2,245,n/a,6.07,113,n/a,5.22,1646,n/a,24.1,397,n/a,1.01,4,n/a,0,0,n/a,0.5,2,n/a,98.5,391,n/a,9.23,152,n/a,46.9,772,n/a,19.7,325,n/a,20.6,6497,n/a,3.23,210,n/a,70.8,4597,n/a,13.2,607,n/a,1.07,49,n/a,2.55,117,n/a,83.2,3824,n/a,24.9,1616,n/a,16.7,270,n/a,4.76,77,n/a,14.5,235,n/a,64,1034,n/a,1.14,74,n/a,1.05,332,n/a,3.31,11,n/a,34.3,114,n/a,51.8,172,n/a,16.3,28,n/a,1.16,2,n/a,8.14,14,n/a,74.4,128,n/a,10.5,35,n/a,73.1,23040,n/a
D7 SvX-IM 4.fcs,100,48.2,91.2,88,57248,34.6,19818,52.2,10345,n/a,21.7,2245,n/a,26.8,602,n/a,0.27,6,n/a,0.13,3,n/a,72.8,1634,n/a,6.36,658,n/a,38.4,253,n/a,4.71,31,n/a,3.5,23,n/a,53.3,351,n/a,55.3,5724,n/a,35.4,2024,n/a,5.77,330,n/a,15,857,n/a,43.9,2513,n/a,16.6,1718,n/a,19,3766,n/a,16.8,632,n/a,27.3,5420,n/a,44.1,2392,n/a,12.6,301,n/a,0.042,1,n/a,0.17,4,n/a,87.2,2086,n/a,19.9,1080,n/a,17.9,193,n/a,3.43,37,n/a,6.94,75,n/a,71.8,775,n/a,29.4,1593,n/a,30.9,493,n/a,19.6,312,n/a,28.1,447,n/a,21.4,341,n/a,6.55,355,n/a,64,36646,n/a,9.77,3580,n/a,26.3,942,n/a,58.6,2098,n/a,10.4,372,n/a,4.69,168,n/a,7.07,2591,n/a,31.2,809,n/a,0.99,8,n/a,0,0,n/a,1.24,10,n/a,97.8,791,n/a,13.7,355,n/a,39.6,1026,n/a,15.5,401,n/a,32,11731,n/a,1.62,190,n/a,70.6,8281,n/a,15.3,1263,n/a,0.62,51,n/a,1.12,93,n/a,83,6874,n/a,26,3052,n/a,22.2,678,n/a,4.13,126,n/a,9.04,276,n/a,64.6,1972,n/a,1.77,208,n/a,2.72,998,n/a,1.6,16,n/a,34.3,342,n/a,55.3,552,n/a,11.8,65,n/a,0.91,5,n/a,10.3,57,n/a,77,425,n/a,8.82,88,n/a,58.2,21326,n/a
D8 CPG 4.fcs,100,49.9,89.4,86.5,55985,31.3,17536,44.7,7839,n/a,26,2038,n/a,25.6,521,n/a,0.74,15,n/a,0.39,8,n/a,73.3,1494,n/a,1.14,89,n/a,40.4,36,n/a,10.1,9,n/a,12.4,11,n/a,37.1,33,n/a,27.8,2178,n/a,40.6,885,n/a,7.62,166,n/a,7.16,156,n/a,44.6,971,n/a,45.1,3534,n/a,37.1,6514,n/a,9.84,641,n/a,16.3,2853,n/a,60.4,1723,n/a,15,258,n/a,0.29,5,n/a,0.81,14,n/a,83.9,1446,n/a,4.91,140,n/a,22.1,31,n/a,1.43,2,n/a,5.71,8,n/a,70.7,99,n/a,18.2,519,n/a,51.8,269,n/a,10.4,54,n/a,14.5,75,n/a,23.3,121,n/a,16.5,471,n/a,67.5,37767,n/a,8.2,3098,n/a,74.7,2313,n/a,8.62,267,n/a,3.87,120,n/a,12.8,398,n/a,12.6,4755,n/a,12.8,611,n/a,1.64,10,n/a,0,0,n/a,0.33,2,n/a,98,599,n/a,31.9,1516,n/a,51,2426,n/a,4.25,202,n/a,28.7,10825,n/a,0.52,56,n/a,67.7,7328,n/a,18,1317,n/a,0.79,58,n/a,1.23,90,n/a,80,5863,n/a,31.3,3387,n/a,20.6,698,n/a,4.84,164,n/a,8.5,288,n/a,66,2237,n/a,0.5,54,n/a,1.48,559,n/a,3.76,21,n/a,21.6,121,n/a,60.6,339,n/a,18.9,64,n/a,1.77,6,n/a,12.1,41,n/a,67.3,228,n/a,14,78,n/a,57.3,21628,n/a
D9 Inulin 4.fcs,100,42.1,89.9,87.2,54254,32.6,17709,51.9,9195,n/a,14.5,1335,n/a,25.6,342,n/a,0.3,4,n/a,0.52,7,n/a,73.6,982,n/a,1.79,165,n/a,43,71,n/a,10.3,17,n/a,7.27,12,n/a,39.4,65,n/a,39.2,3602,n/a,33.6,1212,n/a,9.55,344,n/a,19.5,704,n/a,37.3,1342,n/a,44.5,4093,n/a,29.5,5219,n/a,7.13,372,n/a,17,3014,n/a,46.2,1393,n/a,15.4,215,n/a,0.072,1,n/a,1.01,14,n/a,83.5,1163,n/a,12.9,388,n/a,15.2,59,n/a,2.84,11,n/a,7.22,28,n/a,74.7,290,n/a,28,844,n/a,26.8,226,n/a,16.6,140,n/a,30.1,254,n/a,26.5,224,n/a,12.9,389,n/a,66.5,36098,n/a,7.4,2671,n/a,56,1496,n/a,17.6,471,n/a,10.7,285,n/a,15.7,419,n/a,7.65,2762,n/a,19,525,n/a,0.57,3,n/a,0.76,4,n/a,3.05,16,n/a,95.6,502,n/a,23,636,n/a,50.1,1384,n/a,7.86,217,n/a,26.1,9430,n/a,0.86,81,n/a,62.5,5897,n/a,22.7,1337,n/a,0.66,39,n/a,0.68,40,n/a,76,4481,n/a,35.5,3350,n/a,34,1139,n/a,4,134,n/a,6.06,203,n/a,55.9,1874,n/a,1.08,102,n/a,1.62,586,n/a,2.9,17,n/a,18.9,111,n/a,58,340,n/a,27.4,93,n/a,1.47,5,n/a,8.53,29,n/a,62.6,213,n/a,20.1,118,n/a,64.6,23320,n/a
D10 BCG-BCG 4.fcs,100,35.5,90.7,84.1,51264,30.1,15427,47.9,7396,n/a,21.1,1562,n/a,23.1,361,n/a,0.26,4,n/a,0.13,2,n/a,76.5,1195,n/a,8.83,653,n/a,33.2,217,n/a,3.68,24,n/a,3.83,25,n/a,59.3,387,n/a,62.3,4608,n/a,27.9,1284,n/a,6.16,284,n/a,21.2,975,n/a,44.8,2065,n/a,7.75,573,n/a,13.1,2022,n/a,25.6,517,n/a,37.5,5789,n/a,37.6,2178,n/a,10.9,237,n/a,0,0,n/a,0.32,7,n/a,88.8,1934,n/a,24.9,1442,n/a,12.8,184,n/a,1.66,24,n/a,5.27,76,n/a,80.3,1158,n/a,32.4,1873,n/a,23.2,435,n/a,10.5,197,n/a,41.5,778,n/a,24.7,463,n/a,5.11,296,n/a,68.6,35172,n/a,9.7,3410,n/a,14,479,n/a,74.3,2534,n/a,8.94,305,n/a,2.7,92,n/a,4.69,1650,n/a,44,726,n/a,0.41,3,n/a,0.14,1,n/a,1.65,12,n/a,97.8,710,n/a,4.48,74,n/a,34.2,565,n/a,17.3,285,n/a,35.2,12377,n/a,0.61,75,n/a,75,9282,n/a,9.39,872,n/a,0.4,37,n/a,0.7,65,n/a,89.5,8308,n/a,23.3,2878,n/a,17.6,506,n/a,2.15,62,n/a,5.32,153,n/a,74.9,2157,n/a,1.15,142,n/a,1.1,387,n/a,1.81,7,n/a,24.8,96,n/a,60.2,233,n/a,13.3,31,n/a,0,0,n/a,6.87,16,n/a,79.8,186,n/a,13.2,51,n/a,59,20758,n/a
D11 BCG 4.fcs,100,44.8,90.9,90.1,58190,32,18619,54,10059,n/a,18.9,1900,n/a,11.1,211,n/a,0.47,9,n/a,0.42,8,n/a,88,1672,n/a,5.16,519,n/a,25.2,131,n/a,4.62,24,n/a,4.62,24,n/a,65.5,340,n/a,59.6,5992,n/a,26.7,1597,n/a,4.99,299,n/a,18.3,1098,n/a,50,2998,n/a,16.4,1648,n/a,15.5,2885,n/a,13.2,380,n/a,28.7,5336,n/a,35.6,1900,n/a,5.26,100,n/a,0.26,5,n/a,0.53,10,n/a,93.9,1785,n/a,22.6,1208,n/a,6.87,83,n/a,2.32,28,n/a,5.05,61,n/a,85.8,1036,n/a,35.4,1888,n/a,27.1,511,n/a,12.6,238,n/a,28.8,544,n/a,31.5,595,n/a,6.37,340,n/a,67.3,39153,n/a,6.19,2423,n/a,27.5,666,n/a,52.7,1276,n/a,13.7,331,n/a,6.19,150,n/a,4.95,1937,n/a,25.9,501,n/a,0.8,4,n/a,0.4,2,n/a,1.8,9,n/a,97,486,n/a,6.87,133,n/a,51.2,991,n/a,16.1,312,n/a,44.4,17375,n/a,0.87,152,n/a,64.3,11173,n/a,18,2010,n/a,0.6,67,n/a,0.75,84,n/a,80.7,9012,n/a,33.4,5809,n/a,23.3,1353,n/a,2.67,155,n/a,6.33,368,n/a,67.7,3933,n/a,1.39,241,n/a,2.27,890,n/a,1.91,17,n/a,19.4,173,n/a,67,596,n/a,11.6,69,n/a,0.34,2,n/a,3.19,19,n/a,84.9,506,n/a,11.7,104,n/a,48.4,18951,n/a
D12 Saline 4.fcs,100,41.7,92,87,55765,48.1,26805,50.5,13528,n/a,6.99,945,n/a,19.5,184,n/a,0.74,7,n/a,3.6,34,n/a,76.2,720,n/a,1.75,237,n/a,29.5,70,n/a,16,38,n/a,17.7,42,n/a,36.7,87,n/a,57.6,7791,n/a,17.1,1336,n/a,11.9,931,n/a,41.2,3209,n/a,29.7,2315,n/a,33.7,4555,n/a,20.9,5605,n/a,5.99,336,n/a,27.3,7324,n/a,14,1025,n/a,8,82,n/a,1.27,13,n/a,17.9,183,n/a,72.9,747,n/a,9.74,713,n/a,9.12,65,n/a,5.05,36,n/a,31.6,225,n/a,54.3,387,n/a,48.7,3566,n/a,10.4,372,n/a,14.9,531,n/a,63.6,2267,n/a,11.1,396,n/a,27.6,2020,n/a,51.3,28585,n/a,11.6,3328,n/a,41.7,1389,n/a,45.6,1516,n/a,7.66,255,n/a,5.05,168,n/a,6.82,1949,n/a,48.3,941,n/a,0.53,5,n/a,0,0,n/a,0.64,6,n/a,98.8,930,n/a,5.34,104,n/a,35.5,691,n/a,10.9,213,n/a,15.3,4360,n/a,0.46,20,n/a,68.7,2995,n/a,38.2,1144,n/a,0.4,12,n/a,0.7,21,n/a,60.7,1818,n/a,30,1307,n/a,40.7,532,n/a,1.38,18,n/a,3.67,48,n/a,54.2,709,n/a,0.87,38,n/a,0.73,208,n/a,1.44,3,n/a,28.8,60,n/a,54.8,114,n/a,33.3,38,n/a,0,0,n/a,2.63,3,n/a,64,73,n/a,14.9,31,n/a,77.2,22068,n/a
E4 IN-Inulin 5.fcs,100,39.8,93.6,82.9,53432,30,16039,48.5,7773,n/a,17.7,1377,n/a,36.2,498,n/a,0.36,5,n/a,0.073,1,n/a,63.4,873,n/a,4.97,386,n/a,46.1,178,n/a,9.59,37,n/a,5.18,20,n/a,39.1,151,n/a,56.7,4410,n/a,39.3,1734,n/a,8.96,395,n/a,14.7,648,n/a,37,1633,n/a,20.6,1600,n/a,23.6,3789,n/a,15.8,599,n/a,25.6,4105,n/a,43.2,1774,n/a,22.9,407,n/a,0,0,n/a,0.51,9,n/a,76.6,1358,n/a,24.8,1019,n/a,23.5,239,n/a,2.85,29,n/a,4.61,47,n/a,69.1,704,n/a,26.5,1087,n/a,47.1,512,n/a,15.9,173,n/a,17.8,193,n/a,19.2,209,n/a,5.48,225,n/a,68.2,36433,n/a,12.8,4663,n/a,38.3,1785,n/a,45.2,2109,n/a,8.54,398,n/a,7.96,371,n/a,6.63,2416,n/a,34.6,836,n/a,0.84,7,n/a,0.24,2,n/a,0.72,6,n/a,98.2,821,n/a,7.45,180,n/a,47.7,1153,n/a,10.2,247,n/a,24.8,9034,n/a,0.41,37,n/a,64,5779,n/a,12.3,709,n/a,0.81,47,n/a,1.63,94,n/a,85.3,4929,n/a,34.9,3155,n/a,15.2,481,n/a,2.03,64,n/a,4.82,152,n/a,77.9,2458,n/a,0.7,63,n/a,0.91,331,n/a,3.32,11,n/a,23.3,77,n/a,63.4,210,n/a,14.8,31,n/a,1.43,3,n/a,7.62,16,n/a,76.2,160,n/a,9.97,33,n/a,67.7,24652,n/a
E5 IM-CPG 5.fcs,100,49.1,90,89.6,57724,30.3,17485,50.1,8752,n/a,10.7,933,n/a,19.5,182,n/a,1.07,10,n/a,0.64,6,n/a,78.8,735,n/a,2.34,205,n/a,43.9,90,n/a,8.78,18,n/a,5.37,11,n/a,42,86,n/a,61.8,5411,n/a,35.5,1921,n/a,5.64,305,n/a,10.8,584,n/a,48.1,2601,n/a,25.2,2203,n/a,22.4,3920,n/a,9.34,366,n/a,25.5,4465,n/a,23,1025,n/a,11.8,121,n/a,0.29,3,n/a,0.39,4,n/a,87.5,897,n/a,21.1,940,n/a,12.7,119,n/a,1.7,16,n/a,6.28,59,n/a,79.4,746,n/a,46.7,2087,n/a,30.8,642,n/a,17.4,364,n/a,26.6,555,n/a,25.2,526,n/a,9.25,413,n/a,68.9,39798,n/a,8.67,3451,n/a,36.8,1271,n/a,41.8,1442,n/a,12.3,424,n/a,9.1,314,n/a,7.1,2826,n/a,22,621,n/a,1.13,7,n/a,0,0,n/a,0.97,6,n/a,97.9,608,n/a,12.6,355,n/a,52.4,1480,n/a,13.1,370,n/a,33.4,13276,n/a,0.98,130,n/a,49.8,6612,n/a,31.5,2085,n/a,1,66,n/a,1.15,76,n/a,66.3,4385,n/a,47.8,6352,n/a,35.5,2257,n/a,4.44,282,n/a,6.91,439,n/a,53.1,3374,n/a,1.37,182,n/a,1.57,626,n/a,1.92,12,n/a,16.1,101,n/a,70.4,441,n/a,18.4,81,n/a,0.91,4,n/a,7.94,35,n/a,72.8,321,n/a,11.5,72,n/a,58,23070,n/a
E6 SvX-IN 5.fcs,100,42.2,89.4,83,52236,26.2,13694,43.8,5998,n/a,25,1501,n/a,25.6,385,n/a,0.13,2,n/a,0.47,7,n/a,73.8,1107,n/a,4.27,256,n/a,35.2,90,n/a,3.52,9,n/a,5.86,15,n/a,55.5,142,n/a,48.6,2917,n/a,27.9,814,n/a,5.01,146,n/a,19.6,573,n/a,47.4,1384,n/a,22.1,1324,n/a,23.2,3172,n/a,12.5,396,n/a,31,4242,n/a,36.8,1562,n/a,14.1,220,n/a,0.19,3,n/a,0.58,9,n/a,85.1,1330,n/a,21.2,901,n/a,14.5,131,n/a,2,18,n/a,4,36,n/a,79.5,716,n/a,25.7,1089,n/a,28.5,310,n/a,14.9,162,n/a,27,294,n/a,29.7,323,n/a,16.3,690,n/a,73.1,38193,n/a,7.72,2948,n/a,34.4,1015,n/a,45.4,1339,n/a,11.3,334,n/a,8.82,260,n/a,6.23,2380,n/a,23.9,570,n/a,1.23,7,n/a,0,0,n/a,0.53,3,n/a,98.2,560,n/a,1.85,44,n/a,60.1,1430,n/a,14.1,336,n/a,27.9,10653,n/a,1.13,120,n/a,28.8,3063,n/a,11.6,356,n/a,0.36,11,n/a,1.31,40,n/a,86.7,2656,n/a,65.7,6998,n/a,8.89,622,n/a,0.93,65,n/a,2.77,194,n/a,87.4,6117,n/a,4.43,472,n/a,1.02,388,n/a,1.29,5,n/a,8.25,32,n/a,67,260,n/a,13.5,35,n/a,0.38,1,n/a,3.46,9,n/a,82.7,215,n/a,23.5,91,n/a,64.9,24772,n/a
E7 SvX-IM 5.fcs,100,34.9,89.3,79.8,47709,25.7,12282,51,6260,n/a,12.3,770,n/a,31.2,240,n/a,0.65,5,n/a,1.17,9,n/a,67,516,n/a,2.81,176,n/a,48.9,86,n/a,12.5,22,n/a,4.55,8,n/a,34.1,60,n/a,59.7,3735,n/a,42.9,1603,n/a,12,448,n/a,12.2,455,n/a,32.9,1229,n/a,25.2,1579,n/a,24.8,3052,n/a,14.3,435,n/a,21.4,2632,n/a,33.9,891,n/a,22.3,199,n/a,0.56,5,n/a,2.13,19,n/a,75,668,n/a,19.3,508,n/a,28.1,143,n/a,3.35,17,n/a,5.91,30,n/a,62.6,318,n/a,36.8,969,n/a,37.3,361,n/a,16,155,n/a,30.9,299,n/a,15.9,154,n/a,10,264,n/a,72,34337,n/a,10.1,3483,n/a,36.7,1277,n/a,45.2,1575,n/a,10,349,n/a,8.1,282,n/a,7.62,2617,n/a,35.6,931,n/a,1.07,10,n/a,0.11,1,n/a,0.86,8,n/a,98,912,n/a,5.01,131,n/a,41.6,1088,n/a,17.8,467,n/a,19.4,6674,n/a,0.93,62,n/a,58.8,3925,n/a,41.4,1626,n/a,0.69,27,n/a,0.94,37,n/a,56.9,2235,n/a,38.8,2589,n/a,39.4,1021,n/a,2.32,60,n/a,5.37,139,n/a,52.9,1369,n/a,1.47,98,n/a,0.9,310,n/a,0.97,3,n/a,19.4,60,n/a,66.5,206,n/a,19.4,40,n/a,1.94,4,n/a,6.8,14,n/a,71.8,148,n/a,13.2,41,n/a,72,24736,n/a
E8 CPG 5.fcs,100,47,88.2,84.2,53813,34.9,18785,40.9,7682,n/a,37.1,2851,n/a,37,1055,n/a,0.42,12,n/a,0.28,8,n/a,62.3,1776,n/a,3.19,245,n/a,43.3,106,n/a,4.08,10,n/a,4.9,12,n/a,47.8,117,n/a,34.9,2680,n/a,37.8,1012,n/a,6.38,171,n/a,17.2,462,n/a,38.6,1035,n/a,24.8,1906,n/a,27,5072,n/a,10.8,547,n/a,30.5,5731,n/a,52.1,2985,n/a,24,716,n/a,0.3,9,n/a,0.3,9,n/a,75.4,2251,n/a,15.2,872,n/a,24.2,211,n/a,6.65,58,n/a,8.14,71,n/a,61,532,n/a,25,1432,n/a,30.2,432,n/a,16.4,235,n/a,36.3,520,n/a,17.1,245,n/a,7.71,442,n/a,64.3,34599,n/a,10.7,3704,n/a,43,1592,n/a,41.6,1541,n/a,8.56,317,n/a,6.86,254,n/a,7.01,2424,n/a,30.8,747,n/a,0.4,3,n/a,0,0,n/a,1.07,8,n/a,98.5,736,n/a,4.5,109,n/a,53.2,1290,n/a,11.5,278,n/a,32.8,11337,n/a,0.14,16,n/a,48,5447,n/a,11.1,607,n/a,0.53,29,n/a,1.03,56,n/a,87.3,4755,n/a,50.9,5775,n/a,12.9,746,n/a,2.1,121,n/a,3.71,214,n/a,81.3,4694,n/a,0.87,99,n/a,0.97,336,n/a,2.08,7,n/a,14.3,48,n/a,63.7,214,n/a,16.8,36,n/a,1.87,4,n/a,6.07,13,n/a,75.2,161,n/a,19.9,67,n/a,59.3,20502,n/a
E9 Inulin 5.fcs,100,36.5,88.3,80.1,48167,19.3,9294,38.1,3542,n/a,24,851,n/a,41.4,352,n/a,0.59,5,n/a,1.76,15,n/a,56.3,479,n/a,2.15,76,n/a,50,38,n/a,14.5,11,n/a,11.8,9,n/a,23.7,18,n/a,27.1,961,n/a,32.4,311,n/a,9.68,93,n/a,24,231,n/a,33.9,326,n/a,46.7,1654,n/a,39.5,3672,n/a,6.59,242,n/a,19.9,1851,n/a,58.3,1079,n/a,22.7,245,n/a,1.11,12,n/a,4.26,46,n/a,71.9,776,n/a,13.3,247,n/a,19.8,49,n/a,6.48,16,n/a,16.6,41,n/a,57.1,141,n/a,15.8,293,n/a,23.5,69,n/a,20.5,60,n/a,30.4,89,n/a,25.6,75,n/a,12.5,232,n/a,79.1,38090,n/a,14.3,5458,n/a,71.7,3913,n/a,16.8,917,n/a,3.98,217,n/a,7.53,411,n/a,10.3,3910,n/a,35,1369,n/a,1.02,14,n/a,0.073,1,n/a,0.37,5,n/a,98.5,1349,n/a,20.4,798,n/a,37.3,1457,n/a,7.31,286,n/a,15.5,5903,n/a,0.44,26,n/a,73.5,4339,n/a,9.86,428,n/a,0.35,15,n/a,0.65,28,n/a,89.1,3868,n/a,25.3,1492,n/a,15.8,236,n/a,1.27,19,n/a,5.9,88,n/a,77,1149,n/a,0.78,46,n/a,0.97,368,n/a,2.17,8,n/a,24.5,90,n/a,57.6,212,n/a,24.1,51,n/a,0.94,2,n/a,5.66,12,n/a,69.3,147,n/a,15.8,58,n/a,73.3,27909,n/a
E10 BCG-BCG 5.fcs,100,43.6,91.4,89.7,57984,35.4,20508,51.5,10567,n/a,18.6,1968,n/a,11.2,220,n/a,0.15,3,n/a,0.3,6,n/a,88.4,1739,n/a,4.63,489,n/a,29,142,n/a,4.7,23,n/a,5.11,25,n/a,61.1,299,n/a,61.3,6480,n/a,32.3,2093,n/a,3.81,247,n/a,13.7,888,n/a,50.2,3252,n/a,15.4,1630,n/a,18.6,3819,n/a,17.9,682,n/a,28.3,5807,n/a,38,2206,n/a,6.62,146,n/a,0.091,2,n/a,0.18,4,n/a,93.1,2054,n/a,23.5,1364,n/a,9.24,126,n/a,1.69,23,n/a,5.43,74,n/a,83.7,1141,n/a,32.4,1884,n/a,26.3,496,n/a,15.3,289,n/a,31.5,594,n/a,26.8,505,n/a,6.08,353,n/a,63.6,36883,n/a,8.43,3109,n/a,22.8,709,n/a,41.7,1297,n/a,23.8,740,n/a,11.7,363,n/a,4.77,1758,n/a,27.4,481,n/a,0.62,3,n/a,0,0,n/a,1.25,6,n/a,98.1,472,n/a,3.01,53,n/a,41.8,735,n/a,27.8,489,n/a,35.7,13157,n/a,1.09,143,n/a,68.1,8957,n/a,10.1,904,n/a,0.23,21,n/a,1.08,97,n/a,88.6,7935,n/a,29.5,3884,n/a,15.4,599,n/a,2.39,93,n/a,7.85,305,n/a,74.3,2887,n/a,1.31,173,n/a,1.42,525,n/a,3.81,20,n/a,18.9,99,n/a,60,315,n/a,13.7,43,n/a,0.95,3,n/a,6.98,22,n/a,78.4,247,n/a,17.3,91,n/a,58.1,21443,n/a
E11 BCG 5.fcs,100,42.1,92,91.3,59547,29.3,17431,52.6,9162,n/a,10.5,965,n/a,13.3,128,n/a,0.41,4,n/a,0.21,2,n/a,86.1,831,n/a,3.29,301,n/a,40.9,123,n/a,5.98,18,n/a,5.98,18,n/a,47.2,142,n/a,66.1,6054,n/a,27.6,1670,n/a,3.5,212,n/a,16.9,1024,n/a,52,3148,n/a,20.1,1842,n/a,19.4,3389,n/a,12.6,428,n/a,26.4,4608,n/a,24.4,1124,n/a,4.8,54,n/a,0.27,3,n/a,0.53,6,n/a,94.4,1061,n/a,23.8,1096,n/a,9.58,105,n/a,3.92,43,n/a,4.84,53,n/a,81.7,895,n/a,43.2,1990,n/a,32.7,650,n/a,19.4,387,n/a,18.5,368,n/a,29.4,585,n/a,8.64,398,n/a,70.1,41719,n/a,7.34,3063,n/a,31.2,955,n/a,45.6,1396,n/a,15.6,479,n/a,7.61,233,n/a,6.16,2571,n/a,27.5,706,n/a,0.57,4,n/a,0,0,n/a,0.99,7,n/a,98.4,695,n/a,5.8,149,n/a,33,849,n/a,33.7,867,n/a,33.1,13796,n/a,2.73,377,n/a,47.8,6600,n/a,25.5,1685,n/a,0.44,29,n/a,0.64,42,n/a,73.4,4844,n/a,45.5,6273,n/a,40.5,2540,n/a,3.35,210,n/a,6.07,381,n/a,50.1,3142,n/a,3.96,546,n/a,1.63,680,n/a,2.21,15,n/a,14.6,99,n/a,69.1,470,n/a,11.7,55,n/a,0.64,3,n/a,9.57,45,n/a,78.1,367,n/a,14.1,96,n/a,59.1,24672,n/a
E12 Saline 5.fcs,100,43.9,91.5,79.4,50967,40.3,20536,50.1,10282,n/a,3.94,405,n/a,18.3,74,n/a,0,0,n/a,2.22,9,n/a,79.5,322,n/a,0.75,77,n/a,23.4,18,n/a,7.79,6,n/a,14.3,11,n/a,54.5,42,n/a,64.6,6638,n/a,13.1,870,n/a,7.53,500,n/a,50.8,3373,n/a,28.5,1895,n/a,30.8,3162,n/a,16.3,3338,n/a,10.2,339,n/a,32.4,6653,n/a,5.4,359,n/a,7.52,27,n/a,1.11,4,n/a,13.9,50,n/a,77.4,278,n/a,5.47,364,n/a,10.7,39,n/a,3.57,13,n/a,31.6,115,n/a,54.1,197,n/a,57.6,3833,n/a,6.99,268,n/a,6.65,255,n/a,68.4,2623,n/a,17.9,687,n/a,31.5,2097,n/a,59.3,30227,n/a,14.6,4423,n/a,19.8,874,n/a,33.9,1500,n/a,26.9,1191,n/a,19.4,858,n/a,8.61,2602,n/a,29.4,765,n/a,0.52,4,n/a,0,0,n/a,0.78,6,n/a,98.7,755,n/a,1.11,29,n/a,36.4,946,n/a,33.1,862,n/a,17.1,5179,n/a,0.27,14,n/a,15.1,781,n/a,42.5,332,n/a,1.02,8,n/a,0.9,7,n/a,55.6,434,n/a,82.3,4264,n/a,30.2,1287,n/a,0.54,23,n/a,0.96,41,n/a,68.3,2913,n/a,2.32,120,n/a,1.09,328,n/a,0.3,1,n/a,3.35,11,n/a,72.3,237,n/a,23.2,55,n/a,0.42,1,n/a,3.8,9,n/a,72.6,172,n/a,24.1,79,n/a,73.2,22118,n/a
Mean,100,42.6,90.6,85.6,54329,30.8,16793,48.4,8193,,17.3,1358,,23.2,321,,0.36,5.04,,0.67,7.73,,75.8,1025,,3.36,271,,35.8,96.4,,7.47,18.6,,7.17,16.7,,49.6,140,,51.5,4356,,29.2,1225,,7.36,316,,21.1,961,,42.3,1853,,27.8,2207,,23.4,3854,,12.7,470,,26.2,4408,,33.8,1444,,13.5,202,,0.27,3.38,,1.81,18.7,,84.4,1220,,17.2,762,,14.8,109,,2.73,19.8,,8.96,60,,73.5,573,,34.3,1579,,26.3,377,,13.7,220,,33.9,587,,26.1,395,,14.7,623,,68.1,36935,,10.4,3832,,36.9,1426,,40.7,1548,,12.4,469,,9.88,389,,7.57,2802,,30.1,797,,0.78,6.29,,0.077,0.58,,1.01,7.69,,98.1,783,,9.29,298,,46.2,1323,,14.4,384,,28.8,10705,,1.07,109,,52.9,5720,,21.3,1071,,0.77,37.7,,1.15,62,,76.8,4549,,44.5,4713,,25.1,1133,,2.47,110,,4.96,214,,67.5,3257,,1.53,163,,1.54,575,,2.53,13.1,,20.1,121,,62.3,362,,18.9,62.7,,1.11,4.11,,6.81,25.7,,73.2,270,,15.1,78.1,,62.1,22853,
SD,0,4.52,1.62,3.23,3124,6.22,3859,4.81,2339,,7.98,590,,8.66,206,,0.38,5.15,,0.7,6.75,,8.82,443,,1.74,146,,8.54,51.5,,3.33,10.1,,4,8.7,,10.2,90.4,,12.9,1976,,7.02,503,,2.39,181,,9.59,803,,7.55,893,,11.7,930,,6.31,1095,,4.3,151,,5.34,1346,,15,674,,5.87,149,,0.31,3.16,,3.36,29.2,,6.34,567,,6.16,356,,5.8,61.2,,1.35,11.2,,6.38,40.2,,8.18,304,,12.1,900,,9.41,171,,4.23,152,,13.1,558,,8.14,216,,11.5,484,,6.1,3293,,2.42,850,,13.9,658,,13.5,589,,6.67,268,,6.03,296,,2.1,847,,9.97,230,,0.38,3.42,,0.14,0.92,,0.54,3.67,,0.72,227,,7.85,358,,9.32,567,,6.46,172,,6.54,2755,,1.26,109,,21.5,2855,,12.2,701,,0.61,32.6,,0.61,42.9,,12.5,2548,,21.8,2482,,11.3,718,,1.62,80.6,,2.63,120,,12,2095,,0.93,105,,0.75,294,,1.71,8.17,,9.47,110,,8.93,195,,7.61,29.4,,0.92,4.06,,2.49,17.4,,7.51,162,,6.04,33.1,,6.82,2680,